archive_id,filename,thematic_family,phase1_status,phase2_candidate_state,confidence,reason,derived_from,human_gate,final_state,approval_basis,canon_role,canon_reason
DVV-VIS-0001,1000072509.png,01_CORE_IDENTITY_AND_VISUAL_UNIVERSE,DUPLICATE_NEAR_DUPLICATE,SUPERSEDED_DUPLICATE,high,perceptual duplicate/near-duplicate of lámina_anatómica_de_aberración_carmesí.png (distance 0),lámina_anatómica_de_aberración_carmesí.png,EVIDENCED,SUPERSEDED_DUPLICATE,EVIDENCED,,
DVV-VIS-0002,1000072510.png,01_CORE_IDENTITY_AND_VISUAL_UNIVERSE,DUPLICATE_NEAR_DUPLICATE,SUPERSEDED_DUPLICATE,high,perceptual duplicate/near-duplicate of dossier_de_organismo_anómalo_divinivid.png (distance 0),dossier_de_organismo_anómalo_divinivid.png,EVIDENCED,SUPERSEDED_DUPLICATE,EVIDENCED,,
DVV-VIS-0003,1000072511.png,01_CORE_IDENTITY_AND_VISUAL_UNIVERSE,DUPLICATE_NEAR_DUPLICATE,SUPERSEDED_DUPLICATE,high,perceptual duplicate/near-duplicate of anatomía_onírica_entre_mundos.png (distance 0),anatomía_onírica_entre_mundos.png,EVIDENCED,SUPERSEDED_DUPLICATE,EVIDENCED,,
DVV-VIS-0004,1000072512.png,01_CORE_IDENTITY_AND_VISUAL_UNIVERSE,DUPLICATE_NEAR_DUPLICATE,SUPERSEDED_DUPLICATE,high,perceptual duplicate/near-duplicate of divinivid_umbral_sagrado.png (distance 0),divinivid_umbral_sagrado.png,EVIDENCED,SUPERSEDED_DUPLICATE,EVIDENCED,,
DVV-VIS-0005,1000072513.png,01_CORE_IDENTITY_AND_VISUAL_UNIVERSE,DUPLICATE_NEAR_DUPLICATE,SUPERSEDED_DUPLICATE,high,perceptual duplicate/near-duplicate of revelación_oscura_ritual_entre_sombras.png (distance 0),revelación_oscura_ritual_entre_sombras.png,EVIDENCED,SUPERSEDED_DUPLICATE,EVIDENCED,,
DVV-VIS-0006,1000072617.jpg,01_CORE_IDENTITY_AND_VISUAL_UNIVERSE,UNASSESSED,EVIDENCE_ONLY,high,"source/conversation evidence, not production asset",,EVIDENCED,EVIDENCE_ONLY,EVIDENCED,,
DVV-VIS-0007,a_detailed_cinematic_editorial_design_board_mood.png,06_MOTION_MASTER_LANGUAGE,EXPERIMENT,PENDING_HUMAN_REVIEW,medium,experimental/auto-named output; approval cannot be inferred safely,,REQUIRED,EXPERIMENT,HUMAN_APPROVED_AS_EXPERIMENT_2026-09-20,,
DVV-VIS-0008,a_detailed_high_end_editorial_moodboard_image_a.png,07_EDITORIAL_TYPOGRAPHY_INFORMATION,EXPERIMENT,PENDING_HUMAN_REVIEW,medium,experimental/auto-named output; approval cannot be inferred safely,,REQUIRED,EXPERIMENT,HUMAN_APPROVED_AS_EXPERIMENT_2026-09-20,,
DVV-VIS-0009,a_large_intricate_editorial_moodboard_brand_guid.png,05_DIGITAL_WEB_MOBILE_UI,EXPERIMENT,PENDING_HUMAN_REVIEW,medium,experimental/auto-named output; approval cannot be inferred safely,,REQUIRED,EXPERIMENT,HUMAN_APPROVED_AS_EXPERIMENT_2026-09-20,,
DVV-VIS-0010,a_moody_ornate_editorial_collage_and_branding_boa.png,07_EDITORIAL_TYPOGRAPHY_INFORMATION,EXPERIMENT,PENDING_HUMAN_REVIEW,medium,experimental/auto-named output; approval cannot be inferred safely,,REQUIRED,EXPERIMENT,HUMAN_APPROVED_AS_EXPERIMENT_2026-09-20,,
DVV-VIS-0011,a_wide_cinematic_antique_illuminated_manuscript.png,06_MOTION_MASTER_LANGUAGE,EXPERIMENT,PENDING_HUMAN_REVIEW,medium,experimental/auto-named output; approval cannot be inferred safely,,REQUIRED,EXPERIMENT,HUMAN_APPROVED_AS_EXPERIMENT_2026-09-20,,
DVV-VIS-0012,a_wide_cinematic_black_dark_parchment_style_infogr.png,06_MOTION_MASTER_LANGUAGE,AESTHETIC_DRIFT,NEGATIVE_EVIDENCE_CANDIDATE,medium,"auto-named output contains a known anti-canon drift signature; retained for review, not promoted",,REQUIRED,NEGATIVE_CANON,HUMAN_CONFIRMED_NEGATIVE_2026-09-20,,
DVV-VIS-0013,a_wide_cinematic_collage_moodboard_graphic_in_a_da.png,06_MOTION_MASTER_LANGUAGE,EXPERIMENT,PENDING_HUMAN_REVIEW,medium,experimental/auto-named output; approval cannot be inferred safely,,REQUIRED,EXPERIMENT,HUMAN_APPROVED_AS_EXPERIMENT_2026-09-20,,
DVV-VIS-0014,a_wide_cinematic_collage_poster_image_dark_gothic.png,06_MOTION_MASTER_LANGUAGE,EXPERIMENT,PENDING_HUMAN_REVIEW,medium,experimental/auto-named output; approval cannot be inferred safely,,REQUIRED,EXPERIMENT,HUMAN_APPROVED_AS_EXPERIMENT_2026-09-20,,
DVV-VIS-0015,a_wide_cinematic_collage_style_graphic_design_mo.png,06_MOTION_MASTER_LANGUAGE,EXPERIMENT,PENDING_HUMAN_REVIEW,medium,experimental/auto-named output; approval cannot be inferred safely,,REQUIRED,EXPERIMENT,HUMAN_APPROVED_AS_EXPERIMENT_2026-09-20,,
DVV-VIS-0016,a_wide_cinematic_composite_graphic_poster_made_of.png,06_MOTION_MASTER_LANGUAGE,COMPOSITE_FAILURE,NEGATIVE_CANON,high,filename strongly matches the explicitly reported failure mode where multiple requested moodboards were condensed into one composite,,EVIDENCED,NEGATIVE_CANON,EVIDENCED_NEGATIVE,,
DVV-VIS-0017,a_wide_cinematic_composite_infographic_image_made.png,06_MOTION_MASTER_LANGUAGE,COMPOSITE_FAILURE,NEGATIVE_CANON,high,filename strongly matches the explicitly reported failure mode where multiple requested moodboards were condensed into one composite,,EVIDENCED,NEGATIVE_CANON,EVIDENCED_NEGATIVE,,
DVV-VIS-0018,a_wide_cinematic_composite_poster_infographic_in_a.png,06_MOTION_MASTER_LANGUAGE,COMPOSITE_FAILURE,NEGATIVE_CANON,high,filename strongly matches the explicitly reported failure mode where multiple requested moodboards were condensed into one composite,,EVIDENCED,NEGATIVE_CANON,EVIDENCED_NEGATIVE,,
DVV-VIS-0019,a_wide_cinematic_dark_academy_infographic_poster.png,06_MOTION_MASTER_LANGUAGE,AESTHETIC_DRIFT,NEGATIVE_EVIDENCE_CANDIDATE,medium,"auto-named output contains a known anti-canon drift signature; retained for review, not promoted",,REQUIRED,NEGATIVE_CANON,HUMAN_CONFIRMED_NEGATIVE_2026-09-20,,
DVV-VIS-0020,a_wide_cinematic_dark_editorial_infographic_post.png,06_MOTION_MASTER_LANGUAGE,EXPERIMENT,PENDING_HUMAN_REVIEW,medium,experimental/auto-named output; approval cannot be inferred safely,,REQUIRED,EXPERIMENT,HUMAN_APPROVED_AS_EXPERIMENT_2026-09-20,,
DVV-VIS-0021,a_wide_cinematic_dark_editorial_moodboard_compos.png,06_MOTION_MASTER_LANGUAGE,EXPERIMENT,PENDING_HUMAN_REVIEW,medium,experimental/auto-named output; approval cannot be inferred safely,,REQUIRED,EXPERIMENT,HUMAN_APPROVED_AS_EXPERIMENT_2026-09-20,,
DVV-VIS-0022,a_wide_cinematic_dark_graphic_design_board_colla.png,06_MOTION_MASTER_LANGUAGE,EXPERIMENT,PENDING_HUMAN_REVIEW,medium,experimental/auto-named output; approval cannot be inferred safely,,REQUIRED,EXPERIMENT,HUMAN_APPROVED_AS_EXPERIMENT_2026-09-20,,
DVV-VIS-0023,a_wide_cinematic_dark_richly_detailed_infograph.png,06_MOTION_MASTER_LANGUAGE,EXPERIMENT,PENDING_HUMAN_REVIEW,medium,experimental/auto-named output; approval cannot be inferred safely,,REQUIRED,EXPERIMENT,HUMAN_APPROVED_AS_EXPERIMENT_2026-09-20,,
DVV-VIS-0024,a_wide_cinematic_editorial_collage_image_with_fiv.png,06_MOTION_MASTER_LANGUAGE,COMPOSITE_FAILURE,NEGATIVE_CANON,high,filename strongly matches the explicitly reported failure mode where multiple requested moodboards were condensed into one composite,,EVIDENCED,NEGATIVE_CANON,EVIDENCED_NEGATIVE,,
DVV-VIS-0025,a_wide_cinematic_high_contrast_editorial_collage.png,06_MOTION_MASTER_LANGUAGE,EXPERIMENT,PENDING_HUMAN_REVIEW,medium,experimental/auto-named output; approval cannot be inferred safely,,REQUIRED,EXPERIMENT,HUMAN_APPROVED_AS_EXPERIMENT_2026-09-20,,
DVV-VIS-0026,a_wide_cinematic_high_detail_brand_styleboard_mo.png,06_MOTION_MASTER_LANGUAGE,EXPERIMENT,PENDING_HUMAN_REVIEW,medium,experimental/auto-named output; approval cannot be inferred safely,,REQUIRED,EXPERIMENT,HUMAN_APPROVED_AS_EXPERIMENT_2026-09-20,,
DVV-VIS-0027,a_wide_cinematic_high_detail_concept_board_colla.png,06_MOTION_MASTER_LANGUAGE,EXPERIMENT,PENDING_HUMAN_REVIEW,medium,experimental/auto-named output; approval cannot be inferred safely,,REQUIRED,EXPERIMENT,HUMAN_APPROVED_AS_EXPERIMENT_2026-09-20,,
DVV-VIS-0028,a_wide_cinematic_high_detail_infographic_collage.png,06_MOTION_MASTER_LANGUAGE,EXPERIMENT,PENDING_HUMAN_REVIEW,medium,experimental/auto-named output; approval cannot be inferred safely,,REQUIRED,EXPERIMENT,HUMAN_APPROVED_AS_EXPERIMENT_2026-09-20,,
DVV-VIS-0029,a_wide_cinematic_high_resolution_dark_fantasy_sc.png,06_MOTION_MASTER_LANGUAGE,AESTHETIC_DRIFT,NEGATIVE_EVIDENCE_CANDIDATE,medium,"auto-named output contains a known anti-canon drift signature; retained for review, not promoted",,REQUIRED,NEGATIVE_CANON,HUMAN_CONFIRMED_NEGATIVE_2026-09-20,,
DVV-VIS-0030,a_wide_cinematic_infographic_poster_dark_and_orna.png,06_MOTION_MASTER_LANGUAGE,EXPERIMENT,PENDING_HUMAN_REVIEW,medium,experimental/auto-named output; approval cannot be inferred safely,,REQUIRED,EXPERIMENT,HUMAN_APPROVED_AS_EXPERIMENT_2026-09-20,,
DVV-VIS-0031,a_wide_cinematic_parchment_and_black_scientific.png,06_MOTION_MASTER_LANGUAGE,EXPERIMENT,PENDING_HUMAN_REVIEW,medium,experimental/auto-named output; approval cannot be inferred safely,,REQUIRED,EXPERIMENT,HUMAN_APPROVED_AS_EXPERIMENT_2026-09-20,,
DVV-VIS-0032,a_wide_cinematic_poster_style_ui_ux_moodboard_im.png,06_MOTION_MASTER_LANGUAGE,EXPERIMENT,PENDING_HUMAN_REVIEW,medium,experimental/auto-named output; approval cannot be inferred safely,,REQUIRED,EXPERIMENT,HUMAN_APPROVED_AS_EXPERIMENT_2026-09-20,,
DVV-VIS-0033,a_wide_clean_high_resolution_conceptual_design_m.png,01_CORE_IDENTITY_AND_VISUAL_UNIVERSE,EXPERIMENT,PENDING_HUMAN_REVIEW,medium,experimental/auto-named output; approval cannot be inferred safely,,REQUIRED,EXPERIMENT,HUMAN_APPROVED_AS_EXPERIMENT_2026-09-20,,
DVV-VIS-0034,a_wide_composite_design_board_image_a_grid_of_fiv.png,01_CORE_IDENTITY_AND_VISUAL_UNIVERSE,COMPOSITE_FAILURE,NEGATIVE_CANON,high,filename strongly matches the explicitly reported failure mode where multiple requested moodboards were condensed into one composite,,EVIDENCED,NEGATIVE_CANON,EVIDENCED_NEGATIVE,,
DVV-VIS-0035,a_wide_composite_image_grid_of_five_vertical_panel.png,01_CORE_IDENTITY_AND_VISUAL_UNIVERSE,COMPOSITE_FAILURE,NEGATIVE_CANON,high,filename strongly matches the explicitly reported failure mode where multiple requested moodboards were condensed into one composite,,EVIDENCED,NEGATIVE_CANON,EVIDENCED_NEGATIVE,,
DVV-VIS-0036,a_wide_composite_image_showing_five_vertical_mood.png,01_CORE_IDENTITY_AND_VISUAL_UNIVERSE,COMPOSITE_FAILURE,NEGATIVE_CANON,high,filename strongly matches the explicitly reported failure mode where multiple requested moodboards were condensed into one composite,,EVIDENCED,NEGATIVE_CANON,EVIDENCED_NEGATIVE,,
DVV-VIS-0037,a_wide_composite_image_showing_five_vertical_ui_br.png,05_DIGITAL_WEB_MOBILE_UI,COMPOSITE_FAILURE,NEGATIVE_CANON,high,filename strongly matches the explicitly reported failure mode where multiple requested moodboards were condensed into one composite,,EVIDENCED,NEGATIVE_CANON,EVIDENCED_NEGATIVE,,
DVV-VIS-0038,a_wide_composite_layout_poster_grid_of_five_vertic.png,01_CORE_IDENTITY_AND_VISUAL_UNIVERSE,COMPOSITE_FAILURE,NEGATIVE_CANON,high,filename strongly matches the explicitly reported failure mode where multiple requested moodboards were condensed into one composite,,EVIDENCED,NEGATIVE_CANON,EVIDENCED_NEGATIVE,,
DVV-VIS-0039,a_wide_dark_cinematic_infographic_collage_in_a_g.png,06_MOTION_MASTER_LANGUAGE,EXPERIMENT,PENDING_HUMAN_REVIEW,medium,experimental/auto-named output; approval cannot be inferred safely,,REQUIRED,EXPERIMENT,HUMAN_APPROVED_AS_EXPERIMENT_2026-09-20,,
DVV-VIS-0040,a_wide_dark_cinematic_moodboard_infographic_layo.png,06_MOTION_MASTER_LANGUAGE,EXPERIMENT,PENDING_HUMAN_REVIEW,medium,experimental/auto-named output; approval cannot be inferred safely,,REQUIRED,EXPERIMENT,HUMAN_APPROVED_AS_EXPERIMENT_2026-09-20,,
DVV-VIS-0041,a_wide_dark_cinematic_multi_panel_ui_branding_mo.png,06_MOTION_MASTER_LANGUAGE,EXPERIMENT,PENDING_HUMAN_REVIEW,medium,experimental/auto-named output; approval cannot be inferred safely,,REQUIRED,EXPERIMENT,HUMAN_APPROVED_AS_EXPERIMENT_2026-09-20,,
DVV-VIS-0042,a_wide_dark_editorial_moodboard_ui_concept_poste.png,05_DIGITAL_WEB_MOBILE_UI,EXPERIMENT,PENDING_HUMAN_REVIEW,medium,experimental/auto-named output; approval cannot be inferred safely,,REQUIRED,EXPERIMENT,HUMAN_APPROVED_AS_EXPERIMENT_2026-09-20,,
DVV-VIS-0043,a_wide_detailed_editorial_moodboard_design_syst.png,07_EDITORIAL_TYPOGRAPHY_INFORMATION,EXPERIMENT,PENDING_HUMAN_REVIEW,medium,experimental/auto-named output; approval cannot be inferred safely,,REQUIRED,EXPERIMENT,HUMAN_APPROVED_AS_EXPERIMENT_2026-09-20,,
DVV-VIS-0044,a_wide_detailed_graphic_design_moodboard_concep.png,01_CORE_IDENTITY_AND_VISUAL_UNIVERSE,EXPERIMENT,PENDING_HUMAN_REVIEW,medium,experimental/auto-named output; approval cannot be inferred safely,,REQUIRED,EXPERIMENT,HUMAN_APPROVED_AS_EXPERIMENT_2026-09-20,,
DVV-VIS-0045,a_wide_detailed_high_resolution_dark_editorial_c.png,07_EDITORIAL_TYPOGRAPHY_INFORMATION,EXPERIMENT,APPROVED_SUPPORT_EVIDENCE,medium,conversation screenshot indicates positive human response; exact preference relationship still needs reconciliation,,EVIDENCED,APPROVED_SUPPORT,HUMAN_APPROVED_2026-09-20,,
DVV-VIS-0046,a_wide_high_detail_cinematic_editorial_poster_s.png,06_MOTION_MASTER_LANGUAGE,EXPERIMENT,PENDING_HUMAN_REVIEW,medium,experimental/auto-named output; approval cannot be inferred safely,,REQUIRED,EXPERIMENT,HUMAN_APPROVED_AS_EXPERIMENT_2026-09-20,,
DVV-VIS-0047,a_wide_high_resolution_collage_board_layout_of_fi.png,01_CORE_IDENTITY_AND_VISUAL_UNIVERSE,COMPOSITE_FAILURE,NEGATIVE_CANON,high,filename strongly matches the explicitly reported failure mode where multiple requested moodboards were condensed into one composite,,EVIDENCED,NEGATIVE_CANON,EVIDENCED_NEGATIVE,,
DVV-VIS-0048,a_wide_high_resolution_dark_design_presentation_b.png,01_CORE_IDENTITY_AND_VISUAL_UNIVERSE,EXPERIMENT,PENDING_HUMAN_REVIEW,medium,experimental/auto-named output; approval cannot be inferred safely,,REQUIRED,EXPERIMENT,HUMAN_APPROVED_AS_EXPERIMENT_2026-09-20,,
DVV-VIS-0049,a_wide_high_resolution_dark_moodboard_collage_lay.png,01_CORE_IDENTITY_AND_VISUAL_UNIVERSE,EXPERIMENT,PENDING_HUMAN_REVIEW,medium,experimental/auto-named output; approval cannot be inferred safely,,REQUIRED,EXPERIMENT,HUMAN_APPROVED_AS_EXPERIMENT_2026-09-20,,
DVV-VIS-0050,a_wide_high_resolution_dark_ui_moodboard_poster_f.png,05_DIGITAL_WEB_MOBILE_UI,EXPERIMENT,PENDING_HUMAN_REVIEW,medium,experimental/auto-named output; approval cannot be inferred safely,,REQUIRED,EXPERIMENT,HUMAN_APPROVED_AS_EXPERIMENT_2026-09-20,,
DVV-VIS-0051,a_wide_high_resolution_dark_ui_portfolio_moodboa.png,05_DIGITAL_WEB_MOBILE_UI,EXPERIMENT,PENDING_HUMAN_REVIEW,medium,experimental/auto-named output; approval cannot be inferred safely,,REQUIRED,EXPERIMENT,HUMAN_APPROVED_AS_EXPERIMENT_2026-09-20,,
DVV-VIS-0052,a_wide_highly_detailed_editorial_brand_board_coll.png,07_EDITORIAL_TYPOGRAPHY_INFORMATION,EXPERIMENT,PENDING_HUMAN_REVIEW,medium,experimental/auto-named output; approval cannot be inferred safely,,REQUIRED,EXPERIMENT,HUMAN_APPROVED_AS_EXPERIMENT_2026-09-20,,
DVV-VIS-0053,a_wide_multi_panel_poster_moodboard_collage_cin.png,01_CORE_IDENTITY_AND_VISUAL_UNIVERSE,EXPERIMENT,PENDING_HUMAN_REVIEW,medium,experimental/auto-named output; approval cannot be inferred safely,,REQUIRED,EXPERIMENT,HUMAN_APPROVED_AS_EXPERIMENT_2026-09-20,,
DVV-VIS-0054,a_wide_multi_panel_ui_branding_moodboard_image_d.png,05_DIGITAL_WEB_MOBILE_UI,EXPERIMENT,PENDING_HUMAN_REVIEW,medium,experimental/auto-named output; approval cannot be inferred safely,,REQUIRED,EXPERIMENT,HUMAN_APPROVED_AS_EXPERIMENT_2026-09-20,,
DVV-VIS-0055,anatomía_onírica_cuerpo_y_oráculo.png,02_ANATOMY_SPECIMENS_TRANSFORMATIONS,UNASSESSED,APPROVED_SUPPORT_CANDIDATE,medium,descriptive working-corpus output from approved visual-universe process; exact per-file approval linkage still requires reconciliation,,REQUIRED,APPROVED_SUPPORT,HUMAN_APPROVED_2026-09-20,,
DVV-VIS-0056,anatomía_onírica_de_divinivid.png,02_ANATOMY_SPECIMENS_TRANSFORMATIONS,UNASSESSED,APPROVED_SUPPORT_CANDIDATE,medium,descriptive working-corpus output from approved visual-universe process; exact per-file approval linkage still requires reconciliation,,REQUIRED,APPROVED_SUPPORT,HUMAN_APPROVED_2026-09-20,,
DVV-VIS-0057,anatomía_onírica_del_umbral.png,02_ANATOMY_SPECIMENS_TRANSFORMATIONS,UNASSESSED,APPROVED_SUPPORT_CANDIDATE,medium,descriptive working-corpus output from approved visual-universe process; exact per-file approval linkage still requires reconciliation,,REQUIRED,APPROVED_SUPPORT,HUMAN_APPROVED_2026-09-20,,
DVV-VIS-0058,anatomía_onírica_el_santuario_interior.png,02_ANATOMY_SPECIMENS_TRANSFORMATIONS,UNASSESSED,APPROVED_SUPPORT_CANDIDATE,medium,descriptive working-corpus output from approved visual-universe process; exact per-file approval linkage still requires reconciliation,,REQUIRED,APPROVED_SUPPORT,HUMAN_APPROVED_2026-09-20,,
DVV-VIS-0059,anatomía_onírica_en_mármol_y_carmesí.png,02_ANATOMY_SPECIMENS_TRANSFORMATIONS,UNASSESSED,APPROVED_SUPPORT_CANDIDATE,medium,descriptive working-corpus output from approved visual-universe process; exact per-file approval linkage still requires reconciliation,,REQUIRED,APPROVED_SUPPORT,HUMAN_APPROVED_2026-09-20,,
DVV-VIS-0060,anatomía_onírica_entre_mundos.png,02_ANATOMY_SPECIMENS_TRANSFORMATIONS,UNASSESSED,APPROVED_SUPPORT_CANDIDATE,medium,descriptive working-corpus output from approved visual-universe process; exact per-file approval linkage still requires reconciliation,,REQUIRED,APPROVED_SUPPORT,HUMAN_APPROVED_2026-09-20,,
DVV-VIS-0061,anatomía_onírica_formas_superiores.png,02_ANATOMY_SPECIMENS_TRANSFORMATIONS,UNASSESSED,APPROVED_SUPPORT_CANDIDATE,medium,descriptive working-corpus output from approved visual-universe process; exact per-file approval linkage still requires reconciliation,,REQUIRED,APPROVED_SUPPORT,HUMAN_APPROVED_2026-09-20,,
DVV-VIS-0062,anatomía_onírica_revelación_oscura.png,02_ANATOMY_SPECIMENS_TRANSFORMATIONS,UNASSESSED,APPROVED_SUPPORT_CANDIDATE,medium,descriptive working-corpus output from approved visual-universe process; exact per-file approval linkage still requires reconciliation,,REQUIRED,APPROVED_SUPPORT,HUMAN_APPROVED_2026-09-20,,
DVV-VIS-0063,archivo_bs_07_el_tejido_liminal.png,01_CORE_IDENTITY_AND_VISUAL_UNIVERSE,UNASSESSED,APPROVED_SUPPORT_CANDIDATE,medium,descriptive working-corpus output from approved visual-universe process; exact per-file approval linkage still requires reconciliation,,REQUIRED,APPROVED_SUPPORT,HUMAN_APPROVED_2026-09-20,,
DVV-VIS-0064,archivo_cósmico_divinivid.png,07_EDITORIAL_TYPOGRAPHY_INFORMATION,UNASSESSED,APPROVED_SUPPORT_CANDIDATE,medium,descriptive working-corpus output from approved visual-universe process; exact per-file approval linkage still requires reconciliation,,REQUIRED,APPROVED_SUPPORT,HUMAN_APPROVED_2026-09-20,,
DVV-VIS-0065,archivo_del_bestiario_onírico.png,03_BESTIARY_AND_ENTITIES,UNASSESSED,APPROVED_SUPPORT_CANDIDATE,medium,descriptive working-corpus output from approved visual-universe process; exact per-file approval linkage still requires reconciliation,,REQUIRED,APPROVED_SUPPORT,HUMAN_APPROVED_2026-09-20,,
DVV-VIS-0066,archivo_divinivid_fragmento_carmesí.png,01_CORE_IDENTITY_AND_VISUAL_UNIVERSE,UNASSESSED,APPROVED_SUPPORT_CANDIDATE,medium,descriptive working-corpus output from approved visual-universe process; exact per-file approval linkage still requires reconciliation,,REQUIRED,APPROVED_SUPPORT,HUMAN_APPROVED_2026-09-20,,
DVV-VIS-0067,arquitectura_de_realidades_cósmicas.png,04_ENVIRONMENTS_AND_IMPOSSIBLE_GEOMETRY,UNASSESSED,APPROVED_SUPPORT_CANDIDATE,medium,descriptive working-corpus output from approved visual-universe process; exact per-file approval linkage still requires reconciliation,,REQUIRED,APPROVED_SUPPORT,HUMAN_APPROVED_2026-09-20,,
DVV-VIS-0068,atlas_alquímico_de_vasos_especimenales.png,02_ANATOMY_SPECIMENS_TRANSFORMATIONS,UNASSESSED,APPROVED_SUPPORT_CANDIDATE,medium,descriptive working-corpus output from approved visual-universe process; exact per-file approval linkage still requires reconciliation,,REQUIRED,APPROVED_SUPPORT,HUMAN_APPROVED_2026-09-20,,
DVV-VIS-0069,atlas_anatómico_onírico_cuerpo_y_umbral.png,04_ENVIRONMENTS_AND_IMPOSSIBLE_GEOMETRY,UNASSESSED,APPROVED_SUPPORT_CANDIDATE,medium,descriptive working-corpus output from approved visual-universe process; exact per-file approval linkage still requires reconciliation,,REQUIRED,APPROVED_SUPPORT,HUMAN_APPROVED_2026-09-20,,
DVV-VIS-0070,atlas_anatómico_onírico_en_oro_y_marfil.png,01_CORE_IDENTITY_AND_VISUAL_UNIVERSE,UNASSESSED,APPROVED_SUPPORT_CANDIDATE,medium,descriptive working-corpus output from approved visual-universe process; exact per-file approval linkage still requires reconciliation,,REQUIRED,APPROVED_SUPPORT,HUMAN_APPROVED_2026-09-20,,
DVV-VIS-0071,atlas_celeste_de_entidades_luminosas.png,03_BESTIARY_AND_ENTITIES,UNASSESSED,APPROVED_SUPPORT_CANDIDATE,medium,descriptive working-corpus output from approved visual-universe process; exact per-file approval linkage still requires reconciliation,,REQUIRED,APPROVED_SUPPORT,HUMAN_APPROVED_2026-09-20,,
DVV-VIS-0072,atlas_cinemático_de_capas_y_revelaciones.png,06_MOTION_MASTER_LANGUAGE,UNASSESSED,APPROVED_SUPPORT_CANDIDATE,medium,descriptive working-corpus output from approved visual-universe process; exact per-file approval linkage still requires reconciliation,,REQUIRED,APPROVED_SUPPORT,HUMAN_APPROVED_2026-09-20,,
DVV-VIS-0073,atlas_cinemático_de_datos_vivos.png,06_MOTION_MASTER_LANGUAGE,UNASSESSED,APPROVED_SUPPORT_EVIDENCE,high,explicitly accepted corrected Motion 21–25 round,,EVIDENCED,APPROVED_SUPPORT,HUMAN_APPROVED_2026-09-20,,
DVV-VIS-0074,atlas_codex_de_materia_y_símbolo.png,07_EDITORIAL_TYPOGRAPHY_INFORMATION,UNASSESSED,APPROVED_SUPPORT_CANDIDATE,medium,descriptive working-corpus output from approved visual-universe process; exact per-file approval linkage still requires reconciliation,,REQUIRED,APPROVED_SUPPORT,HUMAN_APPROVED_2026-09-20,,
DVV-VIS-0075,atlas_cósmico_de_célula_a_luna_roja.png,01_CORE_IDENTITY_AND_VISUAL_UNIVERSE,UNASSESSED,APPROVED_SUPPORT_CANDIDATE,medium,descriptive working-corpus output from approved visual-universe process; exact per-file approval linkage still requires reconciliation,,REQUIRED,CANON,HUMAN_APPROVED_SUPPORT_PLUS_CANON_SELECTION_2026-09-20,TRANSFORMATIVE_STRUCTURE,Cell-to-red-moon transformation logic
DVV-VIS-0076,atlas_cósmico_de_hueso_y_fractura.png,02_ANATOMY_SPECIMENS_TRANSFORMATIONS,UNASSESSED,APPROVED_SUPPORT_CANDIDATE,medium,descriptive working-corpus output from approved visual-universe process; exact per-file approval linkage still requires reconciliation,,REQUIRED,APPROVED_SUPPORT,HUMAN_APPROVED_2026-09-20,,
DVV-VIS-0077,atlas_cósmico_del_tuétano_al_mundo.png,02_ANATOMY_SPECIMENS_TRANSFORMATIONS,UNASSESSED,APPROVED_SUPPORT_CANDIDATE,medium,descriptive working-corpus output from approved visual-universe process; exact per-file approval linkage still requires reconciliation,,REQUIRED,APPROVED_SUPPORT,HUMAN_APPROVED_2026-09-20,,
DVV-VIS-0078,atlas_de_abismos_carnívoros.png,04_ENVIRONMENTS_AND_IMPOSSIBLE_GEOMETRY,UNASSESSED,APPROVED_SUPPORT_CANDIDATE,medium,descriptive working-corpus output from approved visual-universe process; exact per-file approval linkage still requires reconciliation,,REQUIRED,APPROVED_SUPPORT,HUMAN_APPROVED_2026-09-20,,
DVV-VIS-0079,atlas_de_ciudades_topológicas_imposibles.png,04_ENVIRONMENTS_AND_IMPOSSIBLE_GEOMETRY,UNASSESSED,APPROVED_SUPPORT_CANDIDATE,medium,descriptive working-corpus output from approved visual-universe process; exact per-file approval linkage still requires reconciliation,,REQUIRED,APPROVED_SUPPORT,HUMAN_APPROVED_2026-09-20,,
DVV-VIS-0080,atlas_de_estados_de_transformación_divinivid.png,01_CORE_IDENTITY_AND_VISUAL_UNIVERSE,UNASSESSED,APPROVED_SUPPORT_CANDIDATE,medium,descriptive working-corpus output from approved visual-universe process; exact per-file approval linkage still requires reconciliation,,REQUIRED,APPROVED_SUPPORT,HUMAN_APPROVED_2026-09-20,,
DVV-VIS-0081,atlas_de_la_materia_invisible.png,01_CORE_IDENTITY_AND_VISUAL_UNIVERSE,UNASSESSED,APPROVED_SUPPORT_CANDIDATE,medium,descriptive working-corpus output from approved visual-universe process; exact per-file approval linkage still requires reconciliation,,REQUIRED,APPROVED_SUPPORT,HUMAN_APPROVED_2026-09-20,,
DVV-VIS-0082,atlas_de_lo_invisible.png,01_CORE_IDENTITY_AND_VISUAL_UNIVERSE,UNASSESSED,APPROVED_SUPPORT_CANDIDATE,medium,descriptive working-corpus output from approved visual-universe process; exact per-file approval linkage still requires reconciliation,,REQUIRED,APPROVED_SUPPORT,HUMAN_APPROVED_2026-09-20,,
DVV-VIS-0083,atlas_de_los_campos_oníricos_orbitales.png,04_ENVIRONMENTS_AND_IMPOSSIBLE_GEOMETRY,UNASSESSED,APPROVED_SUPPORT_CANDIDATE,medium,descriptive working-corpus output from approved visual-universe process; exact per-file approval linkage still requires reconciliation,,REQUIRED,APPROVED_SUPPORT,HUMAN_APPROVED_2026-09-20,,
DVV-VIS-0084,atlas_de_materia_viva_y_realidades_ocultas.png,02_ANATOMY_SPECIMENS_TRANSFORMATIONS,UNASSESSED,APPROVED_SUPPORT_CANDIDATE,medium,descriptive working-corpus output from approved visual-universe process; exact per-file approval linkage still requires reconciliation,,REQUIRED,APPROVED_SUPPORT,HUMAN_APPROVED_2026-09-20,,
DVV-VIS-0085,atlas_de_materia_y_luz_divinivid.png,01_CORE_IDENTITY_AND_VISUAL_UNIVERSE,UNASSESSED,APPROVED_SUPPORT_CANDIDATE,medium,descriptive working-corpus output from approved visual-universe process; exact per-file approval linkage still requires reconciliation,,REQUIRED,APPROVED_SUPPORT,HUMAN_APPROVED_2026-09-20,,
DVV-VIS-0086,atlas_de_membranas_y_mundos_interiores.png,02_ANATOMY_SPECIMENS_TRANSFORMATIONS,UNASSESSED,APPROVED_SUPPORT_CANDIDATE,medium,descriptive working-corpus output from approved visual-universe process; exact per-file approval linkage still requires reconciliation,,REQUIRED,APPROVED_SUPPORT,HUMAN_APPROVED_2026-09-20,,
DVV-VIS-0087,atlas_de_morfologías_transformativas.png,01_CORE_IDENTITY_AND_VISUAL_UNIVERSE,UNASSESSED,APPROVED_SUPPORT_CANDIDATE,medium,descriptive working-corpus output from approved visual-universe process; exact per-file approval linkage still requires reconciliation,,REQUIRED,APPROVED_SUPPORT,HUMAN_APPROVED_2026-09-20,,
DVV-VIS-0088,atlas_de_paisajes_medulares.png,02_ANATOMY_SPECIMENS_TRANSFORMATIONS,UNASSESSED,APPROVED_SUPPORT_CANDIDATE,medium,descriptive working-corpus output from approved visual-universe process; exact per-file approval linkage still requires reconciliation,,REQUIRED,CANON,HUMAN_APPROVED_SUPPORT_PLUS_CANON_SELECTION_2026-09-20,ANATOMY_BY_ANALOGY,Medullary landscape / anatomy-by-analogy
DVV-VIS-0089,atlas_de_placas_petri_duales.png,02_ANATOMY_SPECIMENS_TRANSFORMATIONS,UNASSESSED,APPROVED_SUPPORT_CANDIDATE,medium,descriptive working-corpus output from approved visual-universe process; exact per-file approval linkage still requires reconciliation,,REQUIRED,CANON,HUMAN_APPROVED_SUPPORT_PLUS_CANON_SELECTION_2026-09-20,SPECIMEN_DUALITY,Petri/dual-field specimen logic
DVV-VIS-0090,atlas_de_reliquias_imposibles.png,04_ENVIRONMENTS_AND_IMPOSSIBLE_GEOMETRY,UNASSESSED,APPROVED_SUPPORT_CANDIDATE,medium,descriptive working-corpus output from approved visual-universe process; exact per-file approval linkage still requires reconciliation,,REQUIRED,APPROVED_SUPPORT,HUMAN_APPROVED_2026-09-20,,
DVV-VIS-0091,atlas_de_ritmo_y_tiempo_divinivid.png,06_MOTION_MASTER_LANGUAGE,UNASSESSED,APPROVED_SUPPORT_CANDIDATE,medium,descriptive working-corpus output from approved visual-universe process; exact per-file approval linkage still requires reconciliation,,REQUIRED,APPROVED_SUPPORT,HUMAN_APPROVED_2026-09-20,,
DVV-VIS-0092,atlas_de_santuarios_espejo_toroides.png,04_ENVIRONMENTS_AND_IMPOSSIBLE_GEOMETRY,UNASSESSED,APPROVED_SUPPORT_CANDIDATE,medium,descriptive working-corpus output from approved visual-universe process; exact per-file approval linkage still requires reconciliation,,REQUIRED,APPROVED_SUPPORT,HUMAN_APPROVED_2026-09-20,,
DVV-VIS-0093,atlas_de_santuarios_vivientes.png,04_ENVIRONMENTS_AND_IMPOSSIBLE_GEOMETRY,UNASSESSED,APPROVED_SUPPORT_CANDIDATE,medium,descriptive working-corpus output from approved visual-universe process; exact per-file approval linkage still requires reconciliation,,REQUIRED,CANON,HUMAN_APPROVED_SUPPORT_PLUS_CANON_SELECTION_2026-09-20,LIVING_ENVIRONMENTS,Living sanctuary / environment-as-entity
DVV-VIS-0094,atlas_de_umbrales_recursivos.png,04_ENVIRONMENTS_AND_IMPOSSIBLE_GEOMETRY,UNASSESSED,APPROVED_SUPPORT_CANDIDATE,medium,descriptive working-corpus output from approved visual-universe process; exact per-file approval linkage still requires reconciliation,,REQUIRED,APPROVED_SUPPORT,HUMAN_APPROVED_2026-09-20,,
DVV-VIS-0095,atlas_de_umbrales_y_portales.png,04_ENVIRONMENTS_AND_IMPOSSIBLE_GEOMETRY,UNASSESSED,APPROVED_SUPPORT_CANDIDATE,medium,descriptive working-corpus output from approved visual-universe process; exact per-file approval linkage still requires reconciliation,,REQUIRED,APPROVED_SUPPORT,HUMAN_APPROVED_2026-09-20,,
DVV-VIS-0096,atlas_de_vasijas_especimen_11_50.png,02_ANATOMY_SPECIMENS_TRANSFORMATIONS,UNASSESSED,APPROVED_SUPPORT_CANDIDATE,medium,descriptive working-corpus output from approved visual-universe process; exact per-file approval linkage still requires reconciliation,,REQUIRED,APPROVED_SUPPORT,HUMAN_APPROVED_2026-09-20,,
DVV-VIS-0097,atlas_de_vasijas_especimen_divinivid.png,02_ANATOMY_SPECIMENS_TRANSFORMATIONS,UNASSESSED,APPROVED_SUPPORT_CANDIDATE,medium,descriptive working-corpus output from approved visual-universe process; exact per-file approval linkage still requires reconciliation,,REQUIRED,APPROVED_SUPPORT,HUMAN_APPROVED_2026-09-20,,
DVV-VIS-0098,atlas_de_vasijas_especimenes.png,02_ANATOMY_SPECIMENS_TRANSFORMATIONS,UNASSESSED,APPROVED_SUPPORT_CANDIDATE,medium,descriptive working-corpus output from approved visual-universe process; exact per-file approval linkage still requires reconciliation,,REQUIRED,APPROVED_SUPPORT,HUMAN_APPROVED_2026-09-20,,
DVV-VIS-0099,atlas_de_vasijas_imposibles.png,02_ANATOMY_SPECIMENS_TRANSFORMATIONS,UNASSESSED,APPROVED_SUPPORT_CANDIDATE,medium,descriptive working-corpus output from approved visual-universe process; exact per-file approval linkage still requires reconciliation,,REQUIRED,APPROVED_SUPPORT,HUMAN_APPROVED_2026-09-20,,
DVV-VIS-0100,atlas_de_verbos_de_movimiento_divinivid.png,06_MOTION_MASTER_LANGUAGE,UNASSESSED,APPROVED_SUPPORT_CANDIDATE,medium,descriptive working-corpus output from approved visual-universe process; exact per-file approval linkage still requires reconciliation,,REQUIRED,APPROVED_SUPPORT,HUMAN_APPROVED_2026-09-20,,
DVV-VIS-0101,atlas_del_laberinto_harlequín_celestial.png,03_BESTIARY_AND_ENTITIES,UNASSESSED,APPROVED_SUPPORT_CANDIDATE,medium,descriptive working-corpus output from approved visual-universe process; exact per-file approval linkage still requires reconciliation,,REQUIRED,APPROVED_SUPPORT,HUMAN_APPROVED_2026-09-20,,
DVV-VIS-0102,atlas_divinivid_cortes_del_universo.png,02_ANATOMY_SPECIMENS_TRANSFORMATIONS,UNASSESSED,APPROVED_SUPPORT_CANDIDATE,medium,descriptive working-corpus output from approved visual-universe process; exact per-file approval linkage still requires reconciliation,,REQUIRED,APPROVED_SUPPORT,HUMAN_APPROVED_2026-09-20,,
DVV-VIS-0103,atlas_divinivid_membrana_eclipse_y_portal.png,02_ANATOMY_SPECIMENS_TRANSFORMATIONS,UNASSESSED,APPROVED_SUPPORT_CANDIDATE,medium,descriptive working-corpus output from approved visual-universe process; exact per-file approval linkage still requires reconciliation,,REQUIRED,APPROVED_SUPPORT,HUMAN_APPROVED_2026-09-20,,
DVV-VIS-0104,atlas_divinivid_narrativas_de_especímenes.png,02_ANATOMY_SPECIMENS_TRANSFORMATIONS,UNASSESSED,APPROVED_SUPPORT_CANDIDATE,medium,descriptive working-corpus output from approved visual-universe process; exact per-file approval linkage still requires reconciliation,,REQUIRED,APPROVED_SUPPORT,HUMAN_APPROVED_2026-09-20,,
DVV-VIS-0105,atlas_divinivid_universo_invisible.png,01_CORE_IDENTITY_AND_VISUAL_UNIVERSE,UNASSESSED,APPROVED_SUPPORT_CANDIDATE,medium,descriptive working-corpus output from approved visual-universe process; exact per-file approval linkage still requires reconciliation,,REQUIRED,APPROVED_SUPPORT,HUMAN_APPROVED_2026-09-20,,
DVV-VIS-0106,atlas_geológico_de_paisajes_medulares.png,02_ANATOMY_SPECIMENS_TRANSFORMATIONS,UNASSESSED,APPROVED_SUPPORT_CANDIDATE,medium,descriptive working-corpus output from approved visual-universe process; exact per-file approval linkage still requires reconciliation,,REQUIRED,APPROVED_SUPPORT,HUMAN_APPROVED_2026-09-20,,
DVV-VIS-0107,atlas_gótico_de_morfologías_transformativas.png,01_CORE_IDENTITY_AND_VISUAL_UNIVERSE,UNASSESSED,APPROVED_SUPPORT_CANDIDATE,medium,descriptive working-corpus output from approved visual-universe process; exact per-file approval linkage still requires reconciliation,,REQUIRED,APPROVED_SUPPORT,HUMAN_APPROVED_2026-09-20,,
DVV-VIS-0108,atlas_gótico_de_máscaras_liminales.png,03_BESTIARY_AND_ENTITIES,UNASSESSED,APPROVED_SUPPORT_CANDIDATE,medium,descriptive working-corpus output from approved visual-universe process; exact per-file approval linkage still requires reconciliation,,REQUIRED,APPROVED_SUPPORT,HUMAN_APPROVED_2026-09-20,,
DVV-VIS-0109,atlas_maestro_anatomía_y_universo.png,02_ANATOMY_SPECIMENS_TRANSFORMATIONS,UNASSESSED,APPROVED_SUPPORT_CANDIDATE,medium,descriptive working-corpus output from approved visual-universe process; exact per-file approval linkage still requires reconciliation,,REQUIRED,APPROVED_SUPPORT,HUMAN_APPROVED_2026-09-20,,
DVV-VIS-0110,atlas_oscuro_de_lo_invisible.png,01_CORE_IDENTITY_AND_VISUAL_UNIVERSE,UNASSESSED,APPROVED_SUPPORT_CANDIDATE,medium,descriptive working-corpus output from approved visual-universe process; exact per-file approval linkage still requires reconciliation,,REQUIRED,APPROVED_SUPPORT,HUMAN_APPROVED_2026-09-20,,
DVV-VIS-0111,atlas_oscuro_de_materia_y_sueños.png,01_CORE_IDENTITY_AND_VISUAL_UNIVERSE,UNASSESSED,APPROVED_SUPPORT_CANDIDATE,medium,descriptive working-corpus output from approved visual-universe process; exact per-file approval linkage still requires reconciliation,,REQUIRED,APPROVED_SUPPORT,HUMAN_APPROVED_2026-09-20,,
DVV-VIS-0112,bestia_onírica_en_el_vacío.png,03_BESTIARY_AND_ENTITIES,UNASSESSED,APPROVED_SUPPORT_CANDIDATE,medium,descriptive working-corpus output from approved visual-universe process; exact per-file approval linkage still requires reconciliation,,REQUIRED,APPROVED_SUPPORT,HUMAN_APPROVED_2026-09-20,,
DVV-VIS-0113,bestiario_celestial_ampliado_divinivid.png,03_BESTIARY_AND_ENTITIES,UNASSESSED,APPROVED_SUPPORT_CANDIDATE,medium,descriptive working-corpus output from approved visual-universe process; exact per-file approval linkage still requires reconciliation,,REQUIRED,APPROVED_SUPPORT,HUMAN_APPROVED_2026-09-20,,
DVV-VIS-0114,bestiario_celestial_coros_y_heraldos.png,03_BESTIARY_AND_ENTITIES,UNASSESSED,APPROVED_SUPPORT_CANDIDATE,medium,descriptive working-corpus output from approved visual-universe process; exact per-file approval linkage still requires reconciliation,,REQUIRED,APPROVED_SUPPORT,HUMAN_APPROVED_2026-09-20,,
DVV-VIS-0115,bestiario_de_entidades_divinivid_09.png,03_BESTIARY_AND_ENTITIES,UNASSESSED,APPROVED_SUPPORT_CANDIDATE,medium,descriptive working-corpus output from approved visual-universe process; exact per-file approval linkage still requires reconciliation,,REQUIRED,APPROVED_SUPPORT,HUMAN_APPROVED_2026-09-20,,
DVV-VIS-0116,bestiario_de_inteligencias_celestiales.png,03_BESTIARY_AND_ENTITIES,UNASSESSED,APPROVED_SUPPORT_CANDIDATE,medium,descriptive working-corpus output from approved visual-universe process; exact per-file approval linkage still requires reconciliation,,REQUIRED,APPROVED_SUPPORT,HUMAN_APPROVED_2026-09-20,,
DVV-VIS-0117,bestiario_de_la_dislocación_surreal.png,03_BESTIARY_AND_ENTITIES,UNASSESSED,APPROVED_SUPPORT_CANDIDATE,medium,descriptive working-corpus output from approved visual-universe process; exact per-file approval linkage still requires reconciliation,,REQUIRED,APPROVED_SUPPORT,HUMAN_APPROVED_2026-09-20,,
DVV-VIS-0118,bestiario_de_los_coros_superiores.png,03_BESTIARY_AND_ENTITIES,UNASSESSED,APPROVED_SUPPORT_CANDIDATE,medium,descriptive working-corpus output from approved visual-universe process; exact per-file approval linkage still requires reconciliation,,REQUIRED,APPROVED_SUPPORT,HUMAN_APPROVED_2026-09-20,,
DVV-VIS-0119,bestiario_de_sistemas_divinivid.png,03_BESTIARY_AND_ENTITIES,UNASSESSED,APPROVED_SUPPORT_CANDIDATE,medium,descriptive working-corpus output from approved visual-universe process; exact per-file approval linkage still requires reconciliation,,REQUIRED,APPROVED_SUPPORT,HUMAN_APPROVED_2026-09-20,,
DVV-VIS-0120,bestiario_de_sistemas_divinivido.png,03_BESTIARY_AND_ENTITIES,UNASSESSED,APPROVED_SUPPORT_CANDIDATE,medium,descriptive working-corpus output from approved visual-universe process; exact per-file approval linkage still requires reconciliation,,REQUIRED,APPROVED_SUPPORT,HUMAN_APPROVED_2026-09-20,,
DVV-VIS-0121,bestiario_de_sistemas_vivientes.png,03_BESTIARY_AND_ENTITIES,UNASSESSED,APPROVED_SUPPORT_CANDIDATE,medium,descriptive working-corpus output from approved visual-universe process; exact per-file approval linkage still requires reconciliation,,REQUIRED,APPROVED_SUPPORT,HUMAN_APPROVED_2026-09-20,,
DVV-VIS-0122,bestiario_del_carnaval_de_sombras.png,03_BESTIARY_AND_ENTITIES,UNASSESSED,APPROVED_SUPPORT_CANDIDATE,medium,descriptive working-corpus output from approved visual-universe process; exact per-file approval linkage still requires reconciliation,,REQUIRED,CANON,HUMAN_APPROVED_SUPPORT_PLUS_CANON_SELECTION_2026-09-20,HARLEQUIN_LIMINAL,Harlequin / liminal shadow family
DVV-VIS-0123,bestiario_del_velo_coronado.png,03_BESTIARY_AND_ENTITIES,UNASSESSED,APPROVED_SUPPORT_CANDIDATE,medium,descriptive working-corpus output from approved visual-universe process; exact per-file approval linkage still requires reconciliation,,REQUIRED,APPROVED_SUPPORT,HUMAN_APPROVED_2026-09-20,,
DVV-VIS-0124,bestiario_divinivid_anatomía_y_metamorfosis.png,03_BESTIARY_AND_ENTITIES,UNASSESSED,APPROVED_SUPPORT_CANDIDATE,medium,descriptive working-corpus output from approved visual-universe process; exact per-file approval linkage still requires reconciliation,,REQUIRED,APPROVED_SUPPORT,HUMAN_APPROVED_2026-09-20,,
DVV-VIS-0125,bestiario_divinivid_atlas_de_entidades.png,03_BESTIARY_AND_ENTITIES,UNASSESSED,APPROVED_SUPPORT_CANDIDATE,medium,descriptive working-corpus output from approved visual-universe process; exact per-file approval linkage still requires reconciliation,,REQUIRED,APPROVED_SUPPORT,HUMAN_APPROVED_2026-09-20,,
DVV-VIS-0126,bestiario_divinivid_el_vector_litúrgico.png,03_BESTIARY_AND_ENTITIES,UNASSESSED,APPROVED_SUPPORT_CANDIDATE,medium,descriptive working-corpus output from approved visual-universe process; exact per-file approval linkage still requires reconciliation,,REQUIRED,APPROVED_SUPPORT,HUMAN_APPROVED_2026-09-20,,
DVV-VIS-0127,bestiario_divinivid_mundos_y_aplicaciones.png,03_BESTIARY_AND_ENTITIES,UNASSESSED,APPROVED_SUPPORT_CANDIDATE,medium,descriptive working-corpus output from approved visual-universe process; exact per-file approval linkage still requires reconciliation,,REQUIRED,APPROVED_SUPPORT,HUMAN_APPROVED_2026-09-20,,
DVV-VIS-0128,bestiario_divinivid_sistema_somnifurca.png,03_BESTIARY_AND_ENTITIES,UNASSESSED,APPROVED_SUPPORT_CANDIDATE,medium,descriptive working-corpus output from approved visual-universe process; exact per-file approval linkage still requires reconciliation,,REQUIRED,APPROVED_SUPPORT,HUMAN_APPROVED_2026-09-20,,
DVV-VIS-0129,bestiario_iluminado_de_entidades_divinivid.png,03_BESTIARY_AND_ENTITIES,UNASSESSED,APPROVED_SUPPORT_CANDIDATE,medium,descriptive working-corpus output from approved visual-universe process; exact per-file approval linkage still requires reconciliation,bestiario_de_entidades_divinivid_09.png,REQUIRED,CANON,HUMAN_APPROVED_SUPPORT_PLUS_CANON_SELECTION_2026-09-20,MEDIEVAL_BESTIARY,Illuminated medieval entity grammar
DVV-VIS-0130,bestiario_infernal_órdenes_abisales.png,03_BESTIARY_AND_ENTITIES,UNASSESSED,APPROVED_SUPPORT_CANDIDATE,medium,descriptive working-corpus output from approved visual-universe process; exact per-file approval linkage still requires reconciliation,,REQUIRED,CANON,HUMAN_APPROVED_SUPPORT_PLUS_CANON_SELECTION_2026-09-20,INFERNAL_FAMILY,Infernal/abyssal entity family
DVV-VIS-0131,biblioteca_cósmica_de_colecciones.png,07_EDITORIAL_TYPOGRAPHY_INFORMATION,UNASSESSED,APPROVED_SUPPORT_CANDIDATE,medium,descriptive working-corpus output from approved visual-universe process; exact per-file approval linkage still requires reconciliation,,REQUIRED,APPROVED_SUPPORT,HUMAN_APPROVED_2026-09-20,,
DVV-VIS-0132,biblioteca_divinivid_atlas_de_entidades.png,03_BESTIARY_AND_ENTITIES,UNASSESSED,APPROVED_SUPPORT_CANDIDATE,medium,descriptive working-corpus output from approved visual-universe process; exact per-file approval linkage still requires reconciliation,,REQUIRED,APPROVED_SUPPORT,HUMAN_APPROVED_2026-09-20,,
DVV-VIS-0133,biblioteca_editorial_divinivid.png,07_EDITORIAL_TYPOGRAPHY_INFORMATION,UNASSESSED,APPROVED_SUPPORT_CANDIDATE,medium,descriptive working-corpus output from approved visual-universe process; exact per-file approval linkage still requires reconciliation,,REQUIRED,APPROVED_SUPPORT,HUMAN_APPROVED_2026-09-20,,
DVV-VIS-0134,biblioteca_estructural_de_divinivid.png,07_EDITORIAL_TYPOGRAPHY_INFORMATION,UNASSESSED,APPROVED_SUPPORT_CANDIDATE,medium,descriptive working-corpus output from approved visual-universe process; exact per-file approval linkage still requires reconciliation,,REQUIRED,APPROVED_SUPPORT,HUMAN_APPROVED_2026-09-20,,
DVV-VIS-0135,canon_de_movimiento_divinivid.png,06_MOTION_MASTER_LANGUAGE,UNASSESSED,APPROVED_SUPPORT_CANDIDATE,medium,descriptive working-corpus output from approved visual-universe process; exact per-file approval linkage still requires reconciliation,,REQUIRED,CANON,HUMAN_APPROVED_SUPPORT_PLUS_CANON_SELECTION_2026-09-20,MOTION_MASTER,Motion as behavior / canonical motion system
DVV-VIS-0136,cartel_de_comportamiento_oscuridad_viviente.png,01_CORE_IDENTITY_AND_VISUAL_UNIVERSE,UNASSESSED,APPROVED_SUPPORT_CANDIDATE,medium,descriptive working-corpus output from approved visual-universe process; exact per-file approval linkage still requires reconciliation,,REQUIRED,CANON,HUMAN_APPROVED_SUPPORT_PLUS_CANON_SELECTION_2026-09-20,LIVING_DARKNESS,Living Darkness behavior as active material
DVV-VIS-0137,cartel_editorial_de_divinivid_02.png,07_EDITORIAL_TYPOGRAPHY_INFORMATION,UNASSESSED,APPROVED_SUPPORT_CANDIDATE,medium,descriptive working-corpus output from approved visual-universe process; exact per-file approval linkage still requires reconciliation,,REQUIRED,APPROVED_SUPPORT,HUMAN_APPROVED_2026-09-20,,
DVV-VIS-0138,cartografía_de_lo_invisible.png,01_CORE_IDENTITY_AND_VISUAL_UNIVERSE,UNASSESSED,APPROVED_SUPPORT_CANDIDATE,medium,descriptive working-corpus output from approved visual-universe process; exact per-file approval linkage still requires reconciliation,,REQUIRED,APPROVED_SUPPORT,HUMAN_APPROVED_2026-09-20,,
DVV-VIS-0139,catedral_no_euclidiana_atlas_de_espacios_imposibl.png,01_CORE_IDENTITY_AND_VISUAL_UNIVERSE,UNASSESSED,APPROVED_SUPPORT_CANDIDATE,medium,descriptive working-corpus output from approved visual-universe process; exact per-file approval linkage still requires reconciliation,atlas_de_santuarios_espejo_toroides.png,REQUIRED,APPROVED_SUPPORT,HUMAN_APPROVED_2026-09-20,,
DVV-VIS-0140,ciclo_de_vida_del_especimen.png,02_ANATOMY_SPECIMENS_TRANSFORMATIONS,UNASSESSED,APPROVED_SUPPORT_CANDIDATE,medium,descriptive working-corpus output from approved visual-universe process; exact per-file approval linkage still requires reconciliation,,REQUIRED,APPROVED_SUPPORT,HUMAN_APPROVED_2026-09-20,,
DVV-VIS-0141,codex_divinivid_sistema_de_anotación.png,07_EDITORIAL_TYPOGRAPHY_INFORMATION,UNASSESSED,APPROVED_SUPPORT_CANDIDATE,medium,descriptive working-corpus output from approved visual-universe process; exact per-file approval linkage still requires reconciliation,,REQUIRED,CANON,HUMAN_APPROVED_SUPPORT_PLUS_CANON_SELECTION_2026-09-20,ANNOTATION_SYSTEM,Scientific/editorial annotation system
DVV-VIS-0142,corte_de_arlequines_bestiario_liminar.png,03_BESTIARY_AND_ENTITIES,UNASSESSED,APPROVED_SUPPORT_CANDIDATE,medium,descriptive working-corpus output from approved visual-universe process; exact per-file approval linkage still requires reconciliation,,REQUIRED,APPROVED_SUPPORT,HUMAN_APPROVED_2026-09-20,,
DVV-VIS-0143,códice_carmesí_otras_realidades.png,04_ENVIRONMENTS_AND_IMPOSSIBLE_GEOMETRY,UNASSESSED,APPROVED_SUPPORT_CANDIDATE,medium,descriptive working-corpus output from approved visual-universe process; exact per-file approval linkage still requires reconciliation,,REQUIRED,APPROVED_SUPPORT,HUMAN_APPROVED_2026-09-20,,
DVV-VIS-0144,códice_de_movimiento_celestial.png,06_MOTION_MASTER_LANGUAGE,UNASSESSED,APPROVED_SUPPORT_EVIDENCE,high,explicitly accepted corrected Motion 21–25 round,,EVIDENCED,APPROVED_SUPPORT,HUMAN_APPROVED_2026-09-20,,
DVV-VIS-0145,códice_divinivid_lenguaje_de_medición.png,07_EDITORIAL_TYPOGRAPHY_INFORMATION,UNASSESSED,APPROVED_SUPPORT_CANDIDATE,medium,descriptive working-corpus output from approved visual-universe process; exact per-file approval linkage still requires reconciliation,,REQUIRED,CANON,HUMAN_APPROVED_SUPPORT_PLUS_CANON_SELECTION_2026-09-20,MEASUREMENT_SYSTEM,Measurement/instrument language
DVV-VIS-0146,códice_orgánico_de_divinivid.png,07_EDITORIAL_TYPOGRAPHY_INFORMATION,UNASSESSED,APPROVED_SUPPORT_CANDIDATE,medium,descriptive working-corpus output from approved visual-universe process; exact per-file approval linkage still requires reconciliation,,REQUIRED,APPROVED_SUPPORT,HUMAN_APPROVED_2026-09-20,,
DVV-VIS-0147,códice_quirúrgico_de_materia_y_memoria.png,05_DIGITAL_WEB_MOBILE_UI,UNASSESSED,APPROVED_SUPPORT_CANDIDATE,medium,descriptive working-corpus output from approved visual-universe process; exact per-file approval linkage still requires reconciliation,,REQUIRED,APPROVED_SUPPORT,HUMAN_APPROVED_2026-09-20,,
DVV-VIS-0148,códice_quirúrgico_gramática_visual_de_divinivid.png,05_DIGITAL_WEB_MOBILE_UI,UNASSESSED,APPROVED_SUPPORT_CANDIDATE,medium,descriptive working-corpus output from approved visual-universe process; exact per-file approval linkage still requires reconciliation,,REQUIRED,APPROVED_SUPPORT,HUMAN_APPROVED_2026-09-20,,
DVV-VIS-0149,divinidad_velada_revelación_oscura.png,01_CORE_IDENTITY_AND_VISUAL_UNIVERSE,UNASSESSED,APPROVED_SUPPORT_CANDIDATE,medium,descriptive working-corpus output from approved visual-universe process; exact per-file approval linkage still requires reconciliation,,REQUIRED,APPROVED_SUPPORT,HUMAN_APPROVED_2026-09-20,,
DVV-VIS-0150,divinivid_01_el_canon_de_lo_invisible.png,01_CORE_IDENTITY_AND_VISUAL_UNIVERSE,UNASSESSED,APPROVED_SUPPORT_CANDIDATE,medium,descriptive working-corpus output from approved visual-universe process; exact per-file approval linkage still requires reconciliation,,REQUIRED,CANON,HUMAN_APPROVED_SUPPORT_PLUS_CANON_SELECTION_2026-09-20,IDENTITY_MOTHER,Master invisible-world / DIVINIVID core universe
DVV-VIS-0151,divinivid_08_morfologías_transformativas.png,01_CORE_IDENTITY_AND_VISUAL_UNIVERSE,UNASSESSED,APPROVED_SUPPORT_CANDIDATE,medium,descriptive working-corpus output from approved visual-universe process; exact per-file approval linkage still requires reconciliation,,REQUIRED,APPROVED_SUPPORT,HUMAN_APPROVED_2026-09-20,,
DVV-VIS-0152,divinivid_anatomía_sagrada.png,02_ANATOMY_SPECIMENS_TRANSFORMATIONS,UNASSESSED,APPROVED_SUPPORT_CANDIDATE,medium,descriptive working-corpus output from approved visual-universe process; exact per-file approval linkage still requires reconciliation,,REQUIRED,APPROVED_SUPPORT,HUMAN_APPROVED_2026-09-20,,
DVV-VIS-0153,divinivid_artefactos_entre_materia_y_significado.png,08_COMMUNICATION_AND_PHYSICAL,UNASSESSED,APPROVED_SUPPORT_CANDIDATE,medium,descriptive working-corpus output from approved visual-universe process; exact per-file approval linkage still requires reconciliation,,REQUIRED,APPROVED_SUPPORT,HUMAN_APPROVED_2026-09-20,,
DVV-VIS-0154,divinivid_atlas_de_lo_invisible.png,01_CORE_IDENTITY_AND_VISUAL_UNIVERSE,UNASSESSED,APPROVED_SUPPORT_CANDIDATE,medium,descriptive working-corpus output from approved visual-universe process; exact per-file approval linkage still requires reconciliation,,REQUIRED,APPROVED_SUPPORT,HUMAN_APPROVED_2026-09-20,,
DVV-VIS-0155,divinivid_atlas_del_universo_en_expansión.png,09_ASSET_FACTORY_BRIDGE,UNASSESSED,APPROVED_SUPPORT_CANDIDATE,medium,descriptive working-corpus output from approved visual-universe process; exact per-file approval linkage still requires reconciliation,,REQUIRED,APPROVED_SUPPORT,HUMAN_APPROVED_2026-09-20,,
DVV-VIS-0156,divinivid_cartografía_de_la_oscuridad_viva.png,01_CORE_IDENTITY_AND_VISUAL_UNIVERSE,UNASSESSED,APPROVED_SUPPORT_CANDIDATE,medium,descriptive working-corpus output from approved visual-universe process; exact per-file approval linkage still requires reconciliation,,REQUIRED,APPROVED_SUPPORT,HUMAN_APPROVED_2026-09-20,,
DVV-VIS-0157,divinivid_el_canon_maestro_invisible.png,09_ASSET_FACTORY_BRIDGE,UNASSESSED,APPROVED_SUPPORT_CANDIDATE,medium,descriptive working-corpus output from approved visual-universe process; exact per-file approval linkage still requires reconciliation,divinivid_01_el_canon_de_lo_invisible.png,REQUIRED,APPROVED_SUPPORT,HUMAN_APPROVED_2026-09-20,,
DVV-VIS-0158,divinivid_entre_materia_y_significado.png,01_CORE_IDENTITY_AND_VISUAL_UNIVERSE,UNASSESSED,APPROVED_SUPPORT_CANDIDATE,medium,descriptive working-corpus output from approved visual-universe process; exact per-file approval linkage still requires reconciliation,,REQUIRED,APPROVED_SUPPORT,HUMAN_APPROVED_2026-09-20,,
DVV-VIS-0159,divinivid_lenguaje_del_movimiento_cósmico.png,06_MOTION_MASTER_LANGUAGE,UNASSESSED,APPROVED_SUPPORT_CANDIDATE,medium,descriptive working-corpus output from approved visual-universe process; exact per-file approval linkage still requires reconciliation,,REQUIRED,APPROVED_SUPPORT,HUMAN_APPROVED_2026-09-20,,
DVV-VIS-0160,divinivid_leyes_de_lo_imposible.png,09_ASSET_FACTORY_BRIDGE,UNASSESSED,APPROVED_SUPPORT_CANDIDATE,medium,descriptive working-corpus output from approved visual-universe process; exact per-file approval linkage still requires reconciliation,,REQUIRED,APPROVED_SUPPORT,HUMAN_APPROVED_2026-09-20,,
DVV-VIS-0161,divinivid_motion_16_entity_presence.png,06_MOTION_MASTER_LANGUAGE,UNASSESSED,APPROVED_SUPPORT_CANDIDATE,medium,descriptive working-corpus output from approved visual-universe process; exact per-file approval linkage still requires reconciliation,,REQUIRED,APPROVED_SUPPORT,HUMAN_APPROVED_2026-09-20,,
DVV-VIS-0162,divinivid_motion_17_angelic_hierarchies.png,06_MOTION_MASTER_LANGUAGE,UNASSESSED,APPROVED_SUPPORT_CANDIDATE,medium,descriptive working-corpus output from approved visual-universe process; exact per-file approval linkage still requires reconciliation,,REQUIRED,APPROVED_SUPPORT,HUMAN_APPROVED_2026-09-20,,
DVV-VIS-0163,divinivid_motion_18_demons_harlequins.png,06_MOTION_MASTER_LANGUAGE,UNASSESSED,APPROVED_SUPPORT_CANDIDATE,medium,descriptive working-corpus output from approved visual-universe process; exact per-file approval linkage still requires reconciliation,,REQUIRED,APPROVED_SUPPORT,HUMAN_APPROVED_2026-09-20,,
DVV-VIS-0164,divinivid_motion_19_celestial_anthropomorphism.png,06_MOTION_MASTER_LANGUAGE,UNASSESSED,APPROVED_SUPPORT_CANDIDATE,medium,descriptive working-corpus output from approved visual-universe process; exact per-file approval linkage still requires reconciliation,,REQUIRED,APPROVED_SUPPORT,HUMAN_APPROVED_2026-09-20,,
DVV-VIS-0165,divinivid_motion_20_living_environments.png,06_MOTION_MASTER_LANGUAGE,UNASSESSED,APPROVED_SUPPORT_CANDIDATE,medium,descriptive working-corpus output from approved visual-universe process; exact per-file approval linkage still requires reconciliation,,REQUIRED,APPROVED_SUPPORT,HUMAN_APPROVED_2026-09-20,,
DVV-VIS-0166,divinivid_motion_21_typographic_grammar.png,06_MOTION_MASTER_LANGUAGE,FAILED,NEGATIVE_CANON,high,explicitly rejected low-quality 21–25 motion-board attempt; later regenerated,,EVIDENCED,NEGATIVE_CANON,EVIDENCED_NEGATIVE,,
DVV-VIS-0167,divinivid_motion_22_symbols_seals.png,06_MOTION_MASTER_LANGUAGE,FAILED,NEGATIVE_CANON,high,explicitly rejected low-quality 21–25 motion-board attempt; later regenerated,,EVIDENCED,NEGATIVE_CANON,EVIDENCED_NEGATIVE,,
DVV-VIS-0168,divinivid_motion_23_annotation_indexing.png,06_MOTION_MASTER_LANGUAGE,FAILED,NEGATIVE_CANON,high,explicitly rejected low-quality 21–25 motion-board attempt; later regenerated,,EVIDENCED,NEGATIVE_CANON,EVIDENCED_NEGATIVE,,
DVV-VIS-0169,divinivid_motion_24_editorial_composition.png,06_MOTION_MASTER_LANGUAGE,FAILED,NEGATIVE_CANON,high,explicitly rejected low-quality 21–25 motion-board attempt; later regenerated,,EVIDENCED,NEGATIVE_CANON,EVIDENCED_NEGATIVE,,
DVV-VIS-0170,divinivid_motion_25_data_visualization.png,06_MOTION_MASTER_LANGUAGE,FAILED,NEGATIVE_CANON,high,explicitly rejected low-quality 21–25 motion-board attempt; later regenerated,,EVIDENCED,NEGATIVE_CANON,EVIDENCED_NEGATIVE,,
DVV-VIS-0171,divinivid_revelación_oscura_editorial.png,07_EDITORIAL_TYPOGRAPHY_INFORMATION,UNASSESSED,APPROVED_SUPPORT_CANDIDATE,medium,descriptive working-corpus output from approved visual-universe process; exact per-file approval linkage still requires reconciliation,,REQUIRED,APPROVED_SUPPORT,HUMAN_APPROVED_2026-09-20,,
DVV-VIS-0172,divinivid_sistemas_de_un_universo_vivo.png,09_ASSET_FACTORY_BRIDGE,UNASSESSED,APPROVED_SUPPORT_CANDIDATE,medium,descriptive working-corpus output from approved visual-universe process; exact per-file approval linkage still requires reconciliation,,REQUIRED,APPROVED_SUPPORT,HUMAN_APPROVED_2026-09-20,,
DVV-VIS-0173,divinivid_umbral_sagrado.png,04_ENVIRONMENTS_AND_IMPOSSIBLE_GEOMETRY,UNASSESSED,APPROVED_SUPPORT_CANDIDATE,medium,descriptive working-corpus output from approved visual-universe process; exact per-file approval linkage still requires reconciliation,,REQUIRED,APPROVED_SUPPORT,HUMAN_APPROVED_2026-09-20,,
DVV-VIS-0174,divinivid_umbral_sagrado_del_cuerpo.png,04_ENVIRONMENTS_AND_IMPOSSIBLE_GEOMETRY,UNASSESSED,APPROVED_SUPPORT_CANDIDATE,medium,descriptive working-corpus output from approved visual-universe process; exact per-file approval linkage still requires reconciliation,,REQUIRED,APPROVED_SUPPORT,HUMAN_APPROVED_2026-09-20,,
DVV-VIS-0175,divinivid_vasijas_y_movimiento_vivo.png,06_MOTION_MASTER_LANGUAGE,UNASSESSED,APPROVED_SUPPORT_CANDIDATE,medium,descriptive working-corpus output from approved visual-universe process; exact per-file approval linkage still requires reconciliation,,REQUIRED,APPROVED_SUPPORT,HUMAN_APPROVED_2026-09-20,,
DVV-VIS-0176,dossier_de_organismo_anómalo_divinivid.png,03_BESTIARY_AND_ENTITIES,UNASSESSED,APPROVED_SUPPORT_CANDIDATE,medium,descriptive working-corpus output from approved visual-universe process; exact per-file approval linkage still requires reconciliation,bestiario_de_sistemas_vivientes.png,REQUIRED,APPROVED_SUPPORT,HUMAN_APPROVED_2026-09-20,,
DVV-VIS-0177,ecología_del_desplazamiento_profundo.png,06_MOTION_MASTER_LANGUAGE,UNASSESSED,APPROVED_SUPPORT_CANDIDATE,medium,descriptive working-corpus output from approved visual-universe process; exact per-file approval linkage still requires reconciliation,,REQUIRED,APPROVED_SUPPORT,HUMAN_APPROVED_2026-09-20,,
DVV-VIS-0178,entidad_alada_en_catedral_de_sombras.png,03_BESTIARY_AND_ENTITIES,UNASSESSED,APPROVED_SUPPORT_CANDIDATE,medium,descriptive working-corpus output from approved visual-universe process; exact per-file approval linkage still requires reconciliation,,REQUIRED,APPROVED_SUPPORT,HUMAN_APPROVED_2026-09-20,,
DVV-VIS-0179,entradas_salidas_y_umbrales.png,04_ENVIRONMENTS_AND_IMPOSSIBLE_GEOMETRY,UNASSESSED,APPROVED_SUPPORT_CANDIDATE,medium,descriptive working-corpus output from approved visual-universe process; exact per-file approval linkage still requires reconciliation,,REQUIRED,APPROVED_SUPPORT,HUMAN_APPROVED_2026-09-20,,
DVV-VIS-0180,escultura_micobotánica_alienígena_de_marfil_y_carm.png,03_BESTIARY_AND_ENTITIES,UNASSESSED,APPROVED_SUPPORT_CANDIDATE,medium,descriptive working-corpus output from approved visual-universe process; exact per-file approval linkage still requires reconciliation,,REQUIRED,APPROVED_SUPPORT,HUMAN_APPROVED_2026-09-20,,
DVV-VIS-0181,fd177c73-e5b1-4d8f-88bf-cb3cc89a317e.png,01_CORE_IDENTITY_AND_VISUAL_UNIVERSE,UNASSESSED,EVIDENCE_ONLY,high,"source/conversation evidence, not production asset",,EVIDENCED,EVIDENCE_ONLY,EVIDENCED,,
DVV-VIS-0182,flor_biomecánica_de_marfil_y_carmesí.png,03_BESTIARY_AND_ENTITIES,UNASSESSED,APPROVED_SUPPORT_CANDIDATE,medium,descriptive working-corpus output from approved visual-universe process; exact per-file approval linkage still requires reconciliation,,REQUIRED,APPROVED_SUPPORT,HUMAN_APPROVED_2026-09-20,,
DVV-VIS-0183,flujo_carmesí_materia_viva.png,02_ANATOMY_SPECIMENS_TRANSFORMATIONS,UNASSESSED,APPROVED_SUPPORT_CANDIDATE,medium,descriptive working-corpus output from approved visual-universe process; exact per-file approval linkage still requires reconciliation,,REQUIRED,APPROVED_SUPPORT,HUMAN_APPROVED_2026-09-20,,
DVV-VIS-0184,geometría_imposible_en_movimiento.png,06_MOTION_MASTER_LANGUAGE,UNASSESSED,APPROVED_SUPPORT_CANDIDATE,medium,descriptive working-corpus output from approved visual-universe process; exact per-file approval linkage still requires reconciliation,,REQUIRED,APPROVED_SUPPORT,HUMAN_APPROVED_2026-09-20,,
DVV-VIS-0185,gramática_cósmica_de_movimiento_tipográfico.png,06_MOTION_MASTER_LANGUAGE,UNASSESSED,APPROVED_SUPPORT_EVIDENCE,high,explicitly accepted corrected Motion 21–25 round,,EVIDENCED,CANON,HUMAN_APPROVED_SUPPORT_PLUS_CANON_SELECTION_2026-09-20,TYPOGRAPHIC_MOTION,Corrected typographic motion grammar
DVV-VIS-0186,gramática_medieval_de_ilustración_divinivid.png,01_CORE_IDENTITY_AND_VISUAL_UNIVERSE,UNASSESSED,APPROVED_SUPPORT_CANDIDATE,medium,descriptive working-corpus output from approved visual-universe process; exact per-file approval linkage still requires reconciliation,,REQUIRED,APPROVED_SUPPORT,HUMAN_APPROVED_2026-09-20,,
DVV-VIS-0187,guía_de_estilo_divinivid_revelación_oscura.png,01_CORE_IDENTITY_AND_VISUAL_UNIVERSE,UNASSESSED,APPROVED_SUPPORT_CANDIDATE,medium,descriptive working-corpus output from approved visual-universe process; exact per-file approval linkage still requires reconciliation,,REQUIRED,APPROVED_SUPPORT,HUMAN_APPROVED_2026-09-20,,
DVV-VIS-0188,guía_divinivid_de_accesibilidad_cósmica.png,05_DIGITAL_WEB_MOBILE_UI,UNASSESSED,APPROVED_SUPPORT_CANDIDATE,medium,descriptive working-corpus output from approved visual-universe process; exact per-file approval linkage still requires reconciliation,,REQUIRED,APPROVED_SUPPORT,HUMAN_APPROVED_2026-09-20,,
DVV-VIS-0189,guía_visual_gótica_de_divinivid.png,01_CORE_IDENTITY_AND_VISUAL_UNIVERSE,UNASSESSED,APPROVED_SUPPORT_CANDIDATE,medium,descriptive working-corpus output from approved visual-universe process; exact per-file approval linkage still requires reconciliation,,REQUIRED,APPROVED_SUPPORT,HUMAN_APPROVED_2026-09-20,,
DVV-VIS-0190,identidad_editorial_de_revelación_oscura.png,03_BESTIARY_AND_ENTITIES,UNASSESSED,APPROVED_SUPPORT_CANDIDATE,medium,descriptive working-corpus output from approved visual-universe process; exact per-file approval linkage still requires reconciliation,,REQUIRED,APPROVED_SUPPORT,HUMAN_APPROVED_2026-09-20,,
DVV-VIS-0191,imagegen.png,01_CORE_IDENTITY_AND_VISUAL_UNIVERSE,DUPLICATE_NEAR_DUPLICATE,SUPERSEDED_DUPLICATE,high,exact byte duplicate of mapa_maestro_de_mundos_divinivid.png,mapa_maestro_de_mundos_divinivid.png,EVIDENCED,SUPERSEDED_DUPLICATE,EVIDENCED,,
DVV-VIS-0192,infografía_de_dinámica_dual_en_placas_de_petri.png,02_ANATOMY_SPECIMENS_TRANSFORMATIONS,UNASSESSED,APPROVED_SUPPORT_CANDIDATE,medium,descriptive working-corpus output from approved visual-universe process; exact per-file approval linkage still requires reconciliation,,REQUIRED,APPROVED_SUPPORT,HUMAN_APPROVED_2026-09-20,,
DVV-VIS-0193,interfaz_operacional_divinivid_en_universo_cósmico.png,05_DIGITAL_WEB_MOBILE_UI,UNASSESSED,APPROVED_SUPPORT_CANDIDATE,medium,descriptive working-corpus output from approved visual-universe process; exact per-file approval linkage still requires reconciliation,,REQUIRED,APPROVED_SUPPORT,HUMAN_APPROVED_2026-09-20,,
DVV-VIS-0194,los_coros_intermedios_celestiales.png,03_BESTIARY_AND_ENTITIES,UNASSESSED,APPROVED_SUPPORT_CANDIDATE,medium,descriptive working-corpus output from approved visual-universe process; exact per-file approval linkage still requires reconciliation,,REQUIRED,APPROVED_SUPPORT,HUMAN_APPROVED_2026-09-20,,
DVV-VIS-0195,lámina_anatómica_de_aberración_carmesí.png,02_ANATOMY_SPECIMENS_TRANSFORMATIONS,UNASSESSED,APPROVED_SUPPORT_CANDIDATE,medium,descriptive working-corpus output from approved visual-universe process; exact per-file approval linkage still requires reconciliation,,REQUIRED,APPROVED_SUPPORT,HUMAN_APPROVED_2026-09-20,,
DVV-VIS-0196,manual_de_anotación_cósmica_divinivid.png,07_EDITORIAL_TYPOGRAPHY_INFORMATION,UNASSESSED,APPROVED_SUPPORT_EVIDENCE,high,explicitly accepted corrected Motion 21–25 round,,EVIDENCED,APPROVED_SUPPORT,HUMAN_APPROVED_2026-09-20,,
DVV-VIS-0197,manual_de_marca_divinivid_materia_y_memoria.png,08_COMMUNICATION_AND_PHYSICAL,UNASSESSED,APPROVED_SUPPORT_CANDIDATE,medium,descriptive working-corpus output from approved visual-universe process; exact per-file approval linkage still requires reconciliation,códice_quirúrgico_de_materia_y_memoria.png,REQUIRED,APPROVED_SUPPORT,HUMAN_APPROVED_2026-09-20,,
DVV-VIS-0198,mapa_maestro_de_activos_divinivid.png,09_ASSET_FACTORY_BRIDGE,UNASSESSED,APPROVED_SUPPORT_CANDIDATE,medium,descriptive working-corpus output from approved visual-universe process; exact per-file approval linkage still requires reconciliation,,REQUIRED,CANON,HUMAN_APPROVED_SUPPORT_PLUS_CANON_SELECTION_2026-09-20,ASSET_FAMILY_MAP,Asset-family / production bridge map
DVV-VIS-0199,mapa_maestro_de_mundos_divinivid.png,04_ENVIRONMENTS_AND_IMPOSSIBLE_GEOMETRY,UNASSESSED,APPROVED_SUPPORT_CANDIDATE,medium,descriptive working-corpus output from approved visual-universe process; exact per-file approval linkage still requires reconciliation,,REQUIRED,APPROVED_SUPPORT,HUMAN_APPROVED_2026-09-20,,
DVV-VIS-0200,materia_sagrada_cuerpo_y_trascendencia.png,01_CORE_IDENTITY_AND_VISUAL_UNIVERSE,UNASSESSED,APPROVED_SUPPORT_CANDIDATE,medium,descriptive working-corpus output from approved visual-universe process; exact per-file approval linkage still requires reconciliation,,REQUIRED,APPROVED_SUPPORT,HUMAN_APPROVED_2026-09-20,,
DVV-VIS-0201,matriz_de_escala_e_intensidad_divinivid.png,01_CORE_IDENTITY_AND_VISUAL_UNIVERSE,UNASSESSED,APPROVED_SUPPORT_CANDIDATE,medium,descriptive working-corpus output from approved visual-universe process; exact per-file approval linkage still requires reconciliation,,REQUIRED,APPROVED_SUPPORT,HUMAN_APPROVED_2026-09-20,,
DVV-VIS-0202,matriz_de_movimiento_materia_y_significado.png,06_MOTION_MASTER_LANGUAGE,UNASSESSED,APPROVED_SUPPORT_CANDIDATE,medium,descriptive working-corpus output from approved visual-universe process; exact per-file approval linkage still requires reconciliation,,REQUIRED,APPROVED_SUPPORT,HUMAN_APPROVED_2026-09-20,,
DVV-VIS-0203,moodboard_barroco_de_oscuridad_viva.png,01_CORE_IDENTITY_AND_VISUAL_UNIVERSE,UNASSESSED,APPROVED_SUPPORT_CANDIDATE,medium,descriptive working-corpus output from approved visual-universe process; exact per-file approval linkage still requires reconciliation,,REQUIRED,APPROVED_SUPPORT,HUMAN_APPROVED_2026-09-20,,
DVV-VIS-0204,moodboard_cósmico_de_divinivid.png,01_CORE_IDENTITY_AND_VISUAL_UNIVERSE,UNASSESSED,APPROVED_SUPPORT_CANDIDATE,medium,descriptive working-corpus output from approved visual-universe process; exact per-file approval linkage still requires reconciliation,,REQUIRED,APPROVED_SUPPORT,HUMAN_APPROVED_2026-09-20,,
DVV-VIS-0205,moodboard_de_manuscrito_iluminado_divinivid.png,01_CORE_IDENTITY_AND_VISUAL_UNIVERSE,UNASSESSED,APPROVED_SUPPORT_CANDIDATE,medium,descriptive working-corpus output from approved visual-universe process; exact per-file approval linkage still requires reconciliation,,REQUIRED,APPROVED_SUPPORT,HUMAN_APPROVED_2026-09-20,,
DVV-VIS-0206,moodboard_de_transformación_de_marca.png,01_CORE_IDENTITY_AND_VISUAL_UNIVERSE,UNASSESSED,APPROVED_SUPPORT_CANDIDATE,medium,descriptive working-corpus output from approved visual-universe process; exact per-file approval linkage still requires reconciliation,,REQUIRED,APPROVED_SUPPORT,HUMAN_APPROVED_2026-09-20,,
DVV-VIS-0207,moodboard_editorial_cósmico_y_tipográfico.png,07_EDITORIAL_TYPOGRAPHY_INFORMATION,UNASSESSED,APPROVED_SUPPORT_CANDIDATE,medium,descriptive working-corpus output from approved visual-universe process; exact per-file approval linkage still requires reconciliation,,REQUIRED,APPROVED_SUPPORT,HUMAN_APPROVED_2026-09-20,,
DVV-VIS-0208,moodboard_editorial_de_divinivid.png,07_EDITORIAL_TYPOGRAPHY_INFORMATION,UNASSESSED,APPROVED_SUPPORT_CANDIDATE,medium,descriptive working-corpus output from approved visual-universe process; exact per-file approval linkage still requires reconciliation,,REQUIRED,APPROVED_SUPPORT,HUMAN_APPROVED_2026-09-20,,
DVV-VIS-0209,moodboard_oscuro_de_diseño_web_divinivid.png,05_DIGITAL_WEB_MOBILE_UI,UNASSESSED,APPROVED_SUPPORT_CANDIDATE,medium,descriptive working-corpus output from approved visual-universe process; exact per-file approval linkage still requires reconciliation,,REQUIRED,APPROVED_SUPPORT,HUMAN_APPROVED_2026-09-20,,
DVV-VIS-0210,moodboard_surreal_de_divinivid.png,01_CORE_IDENTITY_AND_VISUAL_UNIVERSE,UNASSESSED,APPROVED_SUPPORT_CANDIDATE,medium,descriptive working-corpus output from approved visual-universe process; exact per-file approval linkage still requires reconciliation,,REQUIRED,APPROVED_SUPPORT,HUMAN_APPROVED_2026-09-20,,
DVV-VIS-0211,organismo_alienígena_de_vainas_carmesí.png,03_BESTIARY_AND_ENTITIES,UNASSESSED,APPROVED_SUPPORT_CANDIDATE,medium,descriptive working-corpus output from approved visual-universe process; exact per-file approval linkage still requires reconciliation,,REQUIRED,APPROVED_SUPPORT,HUMAN_APPROVED_2026-09-20,,
DVV-VIS-0212,organismo_litúrgico_en_archivo_astral.png,03_BESTIARY_AND_ENTITIES,UNASSESSED,APPROVED_SUPPORT_CANDIDATE,medium,descriptive working-corpus output from approved visual-universe process; exact per-file approval linkage still requires reconciliation,,REQUIRED,APPROVED_SUPPORT,HUMAN_APPROVED_2026-09-20,,
DVV-VIS-0213,orrerys_hiperbólicos_atlas_de_geometrías_imposibl.png,04_ENVIRONMENTS_AND_IMPOSSIBLE_GEOMETRY,UNASSESSED,APPROVED_SUPPORT_CANDIDATE,medium,descriptive working-corpus output from approved visual-universe process; exact per-file approval linkage still requires reconciliation,,REQUIRED,CANON,HUMAN_APPROVED_SUPPORT_PLUS_CANON_SELECTION_2026-09-20,IMPOSSIBLE_GEOMETRY,Hyperbolic / impossible geometry system
DVV-VIS-0214,paisaje_medular_misma_materia_distinta_escala.png,02_ANATOMY_SPECIMENS_TRANSFORMATIONS,UNASSESSED,APPROVED_SUPPORT_CANDIDATE,medium,descriptive working-corpus output from approved visual-universe process; exact per-file approval linkage still requires reconciliation,,REQUIRED,APPROVED_SUPPORT,HUMAN_APPROVED_2026-09-20,,
DVV-VIS-0215,paisajes_medulares_atlas_de_materia_retrocale.png,02_ANATOMY_SPECIMENS_TRANSFORMATIONS,UNASSESSED,APPROVED_SUPPORT_CANDIDATE,medium,descriptive working-corpus output from approved visual-universe process; exact per-file approval linkage still requires reconciliation,,REQUIRED,APPROVED_SUPPORT,HUMAN_APPROVED_2026-09-20,,
DVV-VIS-0216,registro_de_especímen_umbral_rojo.png,02_ANATOMY_SPECIMENS_TRANSFORMATIONS,UNASSESSED,APPROVED_SUPPORT_CANDIDATE,medium,descriptive working-corpus output from approved visual-universe process; exact per-file approval linkage still requires reconciliation,,REQUIRED,APPROVED_SUPPORT,HUMAN_APPROVED_2026-09-20,,
DVV-VIS-0217,revelación_oscura_entre_arcadas.png,01_CORE_IDENTITY_AND_VISUAL_UNIVERSE,UNASSESSED,APPROVED_SUPPORT_CANDIDATE,medium,descriptive working-corpus output from approved visual-universe process; exact per-file approval linkage still requires reconciliation,,REQUIRED,APPROVED_SUPPORT,HUMAN_APPROVED_2026-09-20,,
DVV-VIS-0218,revelación_oscura_ritual_entre_sombras.png,01_CORE_IDENTITY_AND_VISUAL_UNIVERSE,UNASSESSED,APPROVED_SUPPORT_CANDIDATE,medium,descriptive working-corpus output from approved visual-universe process; exact per-file approval linkage still requires reconciliation,1000072513.png,REQUIRED,APPROVED_SUPPORT,HUMAN_APPROVED_2026-09-20,,
DVV-VIS-0219,revelación_surreal_del_archivo_divinivid.png,01_CORE_IDENTITY_AND_VISUAL_UNIVERSE,UNASSESSED,APPROVED_SUPPORT_CANDIDATE,medium,descriptive working-corpus output from approved visual-universe process; exact per-file approval linkage still requires reconciliation,,REQUIRED,APPROVED_SUPPORT,HUMAN_APPROVED_2026-09-20,,
DVV-VIS-0220,semántica_cromática_del_universo_divinivid.png,01_CORE_IDENTITY_AND_VISUAL_UNIVERSE,UNASSESSED,APPROVED_SUPPORT_CANDIDATE,medium,descriptive working-corpus output from approved visual-universe process; exact per-file approval linkage still requires reconciliation,,REQUIRED,CANON,HUMAN_APPROVED_SUPPORT_PLUS_CANON_SELECTION_2026-09-20,COLOR_SEMANTICS,"Semantic color system: darkness, ivory, crimson, aged gold, selective ultramar"
DVV-VIS-0221,sistema_de_identidad_en_los_márgenes.png,03_BESTIARY_AND_ENTITIES,UNASSESSED,APPROVED_SUPPORT_CANDIDATE,medium,descriptive working-corpus output from approved visual-universe process; exact per-file approval linkage still requires reconciliation,,REQUIRED,APPROVED_SUPPORT,HUMAN_APPROVED_2026-09-20,,
DVV-VIS-0222,sistema_de_navegación_divinivid.png,05_DIGITAL_WEB_MOBILE_UI,UNASSESSED,APPROVED_SUPPORT_CANDIDATE,medium,descriptive working-corpus output from approved visual-universe process; exact per-file approval linkage still requires reconciliation,,REQUIRED,APPROVED_SUPPORT,HUMAN_APPROVED_2026-09-20,,
DVV-VIS-0223,sistema_divinivid_estados_de_materia.png,01_CORE_IDENTITY_AND_VISUAL_UNIVERSE,UNASSESSED,APPROVED_SUPPORT_CANDIDATE,medium,descriptive working-corpus output from approved visual-universe process; exact per-file approval linkage still requires reconciliation,,REQUIRED,APPROVED_SUPPORT,HUMAN_APPROVED_2026-09-20,,
DVV-VIS-0224,sistema_divinivid_materia_y_vacío.png,01_CORE_IDENTITY_AND_VISUAL_UNIVERSE,UNASSESSED,APPROVED_SUPPORT_CANDIDATE,medium,descriptive working-corpus output from approved visual-universe process; exact per-file approval linkage still requires reconciliation,,REQUIRED,APPROVED_SUPPORT,HUMAN_APPROVED_2026-09-20,,
DVV-VIS-0225,sistema_divinivid_misterio_cósmico_responsive.png,05_DIGITAL_WEB_MOBILE_UI,UNASSESSED,APPROVED_SUPPORT_CANDIDATE,medium,descriptive working-corpus output from approved visual-universe process; exact per-file approval linkage still requires reconciliation,,REQUIRED,APPROVED_SUPPORT,HUMAN_APPROVED_2026-09-20,,
DVV-VIS-0226,sistema_responsive_divinivid_universo_editorial_v.png,05_DIGITAL_WEB_MOBILE_UI,UNASSESSED,APPROVED_SUPPORT_CANDIDATE,medium,descriptive working-corpus output from approved visual-universe process; exact per-file approval linkage still requires reconciliation,,REQUIRED,APPROVED_SUPPORT,HUMAN_APPROVED_2026-09-20,,
DVV-VIS-0227,sistema_tipográfico_cósmico_divinivid.png,07_EDITORIAL_TYPOGRAPHY_INFORMATION,UNASSESSED,APPROVED_SUPPORT_CANDIDATE,medium,descriptive working-corpus output from approved visual-universe process; exact per-file approval linkage still requires reconciliation,,REQUIRED,CANON,HUMAN_APPROVED_SUPPORT_PLUS_CANON_SELECTION_2026-09-20,TYPOGRAPHY_SYSTEM,Typographic system
DVV-VIS-0228,sistema_visual_cósmico_editorial_divinivid.png,07_EDITORIAL_TYPOGRAPHY_INFORMATION,UNASSESSED,APPROVED_SUPPORT_CANDIDATE,medium,descriptive working-corpus output from approved visual-universe process; exact per-file approval linkage still requires reconciliation,,REQUIRED,APPROVED_SUPPORT,HUMAN_APPROVED_2026-09-20,,
DVV-VIS-0229,sistema_visual_divinivid_materia_viva.png,02_ANATOMY_SPECIMENS_TRANSFORMATIONS,UNASSESSED,APPROVED_SUPPORT_CANDIDATE,medium,descriptive working-corpus output from approved visual-universe process; exact per-file approval linkage still requires reconciliation,,REQUIRED,APPROVED_SUPPORT,HUMAN_APPROVED_2026-09-20,,
DVV-VIS-0230,símbolos_y_sellos_del_universo_divinivid.png,07_EDITORIAL_TYPOGRAPHY_INFORMATION,UNASSESSED,APPROVED_SUPPORT_CANDIDATE,medium,descriptive working-corpus output from approved visual-universe process; exact per-file approval linkage still requires reconciliation,,REQUIRED,APPROVED_SUPPORT,HUMAN_APPROVED_2026-09-20,,
DVV-VIS-0231,tablero_codex_celestial_de_divinivid.png,03_BESTIARY_AND_ENTITIES,UNASSESSED,APPROVED_SUPPORT_CANDIDATE,medium,descriptive working-corpus output from approved visual-universe process; exact per-file approval linkage still requires reconciliation,,REQUIRED,APPROVED_SUPPORT,HUMAN_APPROVED_2026-09-20,,
DVV-VIS-0232,tablero_cósmico_de_contacto_divinivid.png,05_DIGITAL_WEB_MOBILE_UI,UNASSESSED,APPROVED_SUPPORT_CANDIDATE,medium,descriptive working-corpus output from approved visual-universe process; exact per-file approval linkage still requires reconciliation,,REQUIRED,APPROVED_SUPPORT,HUMAN_APPROVED_2026-09-20,,
DVV-VIS-0233,tablero_cósmico_de_divinivid.png,01_CORE_IDENTITY_AND_VISUAL_UNIVERSE,UNASSESSED,APPROVED_SUPPORT_CANDIDATE,medium,descriptive working-corpus output from approved visual-universe process; exact per-file approval linkage still requires reconciliation,,REQUIRED,APPROVED_SUPPORT,HUMAN_APPROVED_2026-09-20,,
DVV-VIS-0234,tablero_cósmico_de_identidad_divinivid.png,03_BESTIARY_AND_ENTITIES,UNASSESSED,APPROVED_SUPPORT_CANDIDATE,medium,descriptive working-corpus output from approved visual-universe process; exact per-file approval linkage still requires reconciliation,,REQUIRED,APPROVED_SUPPORT,HUMAN_APPROVED_2026-09-20,,
DVV-VIS-0235,tablero_cósmico_de_interfaz_móvil.png,05_DIGITAL_WEB_MOBILE_UI,UNASSESSED,APPROVED_SUPPORT_CANDIDATE,medium,descriptive working-corpus output from approved visual-universe process; exact per-file approval linkage still requires reconciliation,,REQUIRED,APPROVED_SUPPORT,HUMAN_APPROVED_2026-09-20,,
DVV-VIS-0236,tablero_cósmico_de_movimiento_divinivid.png,06_MOTION_MASTER_LANGUAGE,UNASSESSED,APPROVED_SUPPORT_CANDIDATE,medium,descriptive working-corpus output from approved visual-universe process; exact per-file approval linkage still requires reconciliation,,REQUIRED,APPROVED_SUPPORT,HUMAN_APPROVED_2026-09-20,,
DVV-VIS-0237,tablero_cósmico_de_servicios_divinivid.png,05_DIGITAL_WEB_MOBILE_UI,UNASSESSED,APPROVED_SUPPORT_CANDIDATE,medium,descriptive working-corpus output from approved visual-universe process; exact per-file approval linkage still requires reconciliation,,REQUIRED,APPROVED_SUPPORT,HUMAN_APPROVED_2026-09-20,,
DVV-VIS-0238,tablero_de_caso_de_estudio_divinivid.png,05_DIGITAL_WEB_MOBILE_UI,UNASSESSED,APPROVED_SUPPORT_CANDIDATE,medium,descriptive working-corpus output from approved visual-universe process; exact per-file approval linkage still requires reconciliation,,REQUIRED,APPROVED_SUPPORT,HUMAN_APPROVED_2026-09-20,,
DVV-VIS-0239,tablero_de_expansión_cósmica_divinivid.png,01_CORE_IDENTITY_AND_VISUAL_UNIVERSE,UNASSESSED,APPROVED_SUPPORT_CANDIDATE,medium,descriptive working-corpus output from approved visual-universe process; exact per-file approval linkage still requires reconciliation,,REQUIRED,APPROVED_SUPPORT,HUMAN_APPROVED_2026-09-20,,
DVV-VIS-0240,tablero_de_identidad_divinivid_celestial.png,03_BESTIARY_AND_ENTITIES,UNASSESSED,APPROVED_SUPPORT_CANDIDATE,medium,descriptive working-corpus output from approved visual-universe process; exact per-file approval linkage still requires reconciliation,,REQUIRED,APPROVED_SUPPORT,HUMAN_APPROVED_2026-09-20,,
DVV-VIS-0241,tablero_de_interfaz_cósmica_divinivid.png,05_DIGITAL_WEB_MOBILE_UI,UNASSESSED,APPROVED_SUPPORT_CANDIDATE,medium,descriptive working-corpus output from approved visual-universe process; exact per-file approval linkage still requires reconciliation,,REQUIRED,CANON,HUMAN_APPROVED_SUPPORT_PLUS_CANON_SELECTION_2026-09-20,DIGITAL_APPLICATION,DIVINIVID interface/application language
DVV-VIS-0242,tablero_de_marca_divinivid_en_modo_abisal.png,01_CORE_IDENTITY_AND_VISUAL_UNIVERSE,UNASSESSED,APPROVED_SUPPORT_CANDIDATE,medium,descriptive working-corpus output from approved visual-universe process; exact per-file approval linkage still requires reconciliation,,REQUIRED,CANON,HUMAN_APPROVED_SUPPORT_PLUS_CANON_SELECTION_2026-09-20,INTENSITY_B_ABYSSAL,Abyssal/subtle intensity mode
DVV-VIS-0243,tablero_de_materia_cósmica_y_luzақәеи.png,01_CORE_IDENTITY_AND_VISUAL_UNIVERSE,UNASSESSED,APPROVED_SUPPORT_CANDIDATE,medium,descriptive working-corpus output from approved visual-universe process; exact per-file approval linkage still requires reconciliation,,REQUIRED,APPROVED_SUPPORT,HUMAN_APPROVED_2026-09-20,,
DVV-VIS-0244,tablero_de_medición_y_anotación_divinivid.png,07_EDITORIAL_TYPOGRAPHY_INFORMATION,UNASSESSED,APPROVED_SUPPORT_CANDIDATE,medium,descriptive working-corpus output from approved visual-universe process; exact per-file approval linkage still requires reconciliation,,REQUIRED,APPROVED_SUPPORT,HUMAN_APPROVED_2026-09-20,,
DVV-VIS-0245,tablero_divinivid_accesibilidad_universal.png,05_DIGITAL_WEB_MOBILE_UI,UNASSESSED,APPROVED_SUPPORT_CANDIDATE,medium,descriptive working-corpus output from approved visual-universe process; exact per-file approval linkage still requires reconciliation,,REQUIRED,APPROVED_SUPPORT,HUMAN_APPROVED_2026-09-20,,
DVV-VIS-0246,tablero_divinivid_expansión_cósmica.png,01_CORE_IDENTITY_AND_VISUAL_UNIVERSE,UNASSESSED,APPROVED_SUPPORT_CANDIDATE,medium,descriptive working-corpus output from approved visual-universe process; exact per-file approval linkage still requires reconciliation,,REQUIRED,APPROVED_SUPPORT,HUMAN_APPROVED_2026-09-20,,
DVV-VIS-0247,tablero_divinivid_movimiento_abismal.png,06_MOTION_MASTER_LANGUAGE,UNASSESSED,APPROVED_SUPPORT_CANDIDATE,medium,descriptive working-corpus output from approved visual-universe process; exact per-file approval linkage still requires reconciliation,,REQUIRED,APPROVED_SUPPORT,HUMAN_APPROVED_2026-09-20,,
DVV-VIS-0248,tablero_divinivid_universo_editorial_de_ideas.png,07_EDITORIAL_TYPOGRAPHY_INFORMATION,UNASSESSED,APPROVED_SUPPORT_CANDIDATE,medium,descriptive working-corpus output from approved visual-universe process; exact per-file approval linkage still requires reconciliation,,REQUIRED,APPROVED_SUPPORT,HUMAN_APPROVED_2026-09-20,,
DVV-VIS-0249,tablero_divinivid_universos_estratégicos.png,01_CORE_IDENTITY_AND_VISUAL_UNIVERSE,UNASSESSED,APPROVED_SUPPORT_CANDIDATE,medium,descriptive working-corpus output from approved visual-universe process; exact per-file approval linkage still requires reconciliation,,REQUIRED,APPROVED_SUPPORT,HUMAN_APPROVED_2026-09-20,,
DVV-VIS-0250,tablero_editorial_cósmico_de_divinivid.png,07_EDITORIAL_TYPOGRAPHY_INFORMATION,UNASSESSED,APPROVED_SUPPORT_CANDIDATE,medium,descriptive working-corpus output from approved visual-universe process; exact per-file approval linkage still requires reconciliation,,REQUIRED,APPROVED_SUPPORT,HUMAN_APPROVED_2026-09-20,,
DVV-VIS-0251,tablero_editorial_cósmico_divinivid.png,07_EDITORIAL_TYPOGRAPHY_INFORMATION,UNASSESSED,APPROVED_SUPPORT_CANDIDATE,medium,descriptive working-corpus output from approved visual-universe process; exact per-file approval linkage still requires reconciliation,,REQUIRED,APPROVED_SUPPORT,HUMAN_APPROVED_2026-09-20,,
DVV-VIS-0252,tablero_editorial_de_divinivid.png,07_EDITORIAL_TYPOGRAPHY_INFORMATION,UNASSESSED,APPROVED_SUPPORT_CANDIDATE,medium,descriptive working-corpus output from approved visual-universe process; exact per-file approval linkage still requires reconciliation,,REQUIRED,APPROVED_SUPPORT,HUMAN_APPROVED_2026-09-20,,
DVV-VIS-0253,tablero_editorial_de_estrategia_cósmica_divinivid.png,07_EDITORIAL_TYPOGRAPHY_INFORMATION,UNASSESSED,APPROVED_SUPPORT_CANDIDATE,medium,descriptive working-corpus output from approved visual-universe process; exact per-file approval linkage still requires reconciliation,,REQUIRED,APPROVED_SUPPORT,HUMAN_APPROVED_2026-09-20,,
DVV-VIS-0254,tablero_editorial_de_estrategia_de_marca_oscura.png,07_EDITORIAL_TYPOGRAPHY_INFORMATION,UNASSESSED,APPROVED_SUPPORT_CANDIDATE,medium,descriptive working-corpus output from approved visual-universe process; exact per-file approval linkage still requires reconciliation,,REQUIRED,APPROVED_SUPPORT,HUMAN_APPROVED_2026-09-20,,
DVV-VIS-0255,tablero_editorial_de_materia_invisible.png,07_EDITORIAL_TYPOGRAPHY_INFORMATION,UNASSESSED,APPROVED_SUPPORT_CANDIDATE,medium,descriptive working-corpus output from approved visual-universe process; exact per-file approval linkage still requires reconciliation,,REQUIRED,APPROVED_SUPPORT,HUMAN_APPROVED_2026-09-20,,
DVV-VIS-0256,tablero_editorial_de_movimiento_cósmico.png,06_MOTION_MASTER_LANGUAGE,UNASSESSED,APPROVED_SUPPORT_EVIDENCE,high,explicitly accepted corrected Motion 21–25 round,,EVIDENCED,APPROVED_SUPPORT,HUMAN_APPROVED_2026-09-20,,
DVV-VIS-0257,tablero_editorial_de_sistema_de_contacto_divinivid.png,05_DIGITAL_WEB_MOBILE_UI,UNASSESSED,APPROVED_SUPPORT_CANDIDATE,medium,descriptive working-corpus output from approved visual-universe process; exact per-file approval linkage still requires reconciliation,,REQUIRED,APPROVED_SUPPORT,HUMAN_APPROVED_2026-09-20,,
DVV-VIS-0258,tablero_editorial_divinivid_materia_y_significado.png,07_EDITORIAL_TYPOGRAPHY_INFORMATION,UNASSESSED,APPROVED_SUPPORT_CANDIDATE,medium,descriptive working-corpus output from approved visual-universe process; exact per-file approval linkage still requires reconciliation,,REQUIRED,APPROVED_SUPPORT,HUMAN_APPROVED_2026-09-20,,
DVV-VIS-0259,tablero_editorial_divinivid_otras_realidades.png,04_ENVIRONMENTS_AND_IMPOSSIBLE_GEOMETRY,UNASSESSED,APPROVED_SUPPORT_CANDIDATE,medium,descriptive working-corpus output from approved visual-universe process; exact per-file approval linkage still requires reconciliation,,REQUIRED,APPROVED_SUPPORT,HUMAN_APPROVED_2026-09-20,,
DVV-VIS-0260,tablero_editorial_divinivid_revelación_oscura.png,07_EDITORIAL_TYPOGRAPHY_INFORMATION,UNASSESSED,APPROVED_SUPPORT_CANDIDATE,medium,descriptive working-corpus output from approved visual-universe process; exact per-file approval linkage still requires reconciliation,,REQUIRED,APPROVED_SUPPORT,HUMAN_APPROVED_2026-09-20,,
DVV-VIS-0261,tablero_editorial_divinivid_umbral_y_revelación.png,04_ENVIRONMENTS_AND_IMPOSSIBLE_GEOMETRY,UNASSESSED,APPROVED_SUPPORT_CANDIDATE,medium,descriptive working-corpus output from approved visual-universe process; exact per-file approval linkage still requires reconciliation,,REQUIRED,APPROVED_SUPPORT,HUMAN_APPROVED_2026-09-20,,
DVV-VIS-0262,tablero_editorial_futurista_de_divinivid.png,07_EDITORIAL_TYPOGRAPHY_INFORMATION,UNASSESSED,APPROVED_SUPPORT_CANDIDATE,medium,descriptive working-corpus output from approved visual-universe process; exact per-file approval linkage still requires reconciliation,,REQUIRED,APPROVED_SUPPORT,HUMAN_APPROVED_2026-09-20,,
DVV-VIS-0263,tablero_editorial_sagrado_materia_y_forma.png,07_EDITORIAL_TYPOGRAPHY_INFORMATION,UNASSESSED,APPROVED_SUPPORT_CANDIDATE,medium,descriptive working-corpus output from approved visual-universe process; exact per-file approval linkage still requires reconciliation,,REQUIRED,APPROVED_SUPPORT,HUMAN_APPROVED_2026-09-20,,
DVV-VIS-0264,tablero_litúrgico_de_visiones_divinas.png,03_BESTIARY_AND_ENTITIES,UNASSESSED,APPROVED_SUPPORT_CANDIDATE,medium,descriptive working-corpus output from approved visual-universe process; exact per-file approval linkage still requires reconciliation,,REQUIRED,APPROVED_SUPPORT,HUMAN_APPROVED_2026-09-20,,
DVV-VIS-0265,tablero_maestro_de_campaña_divinivid.png,07_EDITORIAL_TYPOGRAPHY_INFORMATION,UNASSESSED,APPROVED_SUPPORT_CANDIDATE,medium,descriptive working-corpus output from approved visual-universe process; exact per-file approval linkage still requires reconciliation,,REQUIRED,APPROVED_SUPPORT,HUMAN_APPROVED_2026-09-20,,
DVV-VIS-0266,tablero_neogótico_de_materia_carmesí.png,01_CORE_IDENTITY_AND_VISUAL_UNIVERSE,UNASSESSED,APPROVED_SUPPORT_CANDIDATE,medium,descriptive working-corpus output from approved visual-universe process; exact per-file approval linkage still requires reconciliation,códice_carmesí_otras_realidades.png,REQUIRED,APPROVED_SUPPORT,HUMAN_APPROVED_2026-09-20,,
DVV-VIS-0267,tablero_tipográfico_divinivid_27.png,07_EDITORIAL_TYPOGRAPHY_INFORMATION,UNASSESSED,APPROVED_SUPPORT_CANDIDATE,medium,descriptive working-corpus output from approved visual-universe process; exact per-file approval linkage still requires reconciliation,,REQUIRED,APPROVED_SUPPORT,HUMAN_APPROVED_2026-09-20,,
DVV-VIS-0268,tablero_ui_cósmico_divinivid.png,05_DIGITAL_WEB_MOBILE_UI,UNASSESSED,APPROVED_SUPPORT_CANDIDATE,medium,descriptive working-corpus output from approved visual-universe process; exact per-file approval linkage still requires reconciliation,,REQUIRED,APPROVED_SUPPORT,HUMAN_APPROVED_2026-09-20,,
DVV-VIS-0269,taxonomía_de_entidades_divinivid.png,03_BESTIARY_AND_ENTITIES,UNASSESSED,APPROVED_SUPPORT_CANDIDATE,medium,descriptive working-corpus output from approved visual-universe process; exact per-file approval linkage still requires reconciliation,,REQUIRED,APPROVED_SUPPORT,HUMAN_APPROVED_2026-09-20,,
DVV-VIS-0270,universo_divinivid_biblioteca_visual_editorial.png,07_EDITORIAL_TYPOGRAPHY_INFORMATION,UNASSESSED,APPROVED_SUPPORT_CANDIDATE,medium,descriptive working-corpus output from approved visual-universe process; exact per-file approval linkage still requires reconciliation,,REQUIRED,APPROVED_SUPPORT,HUMAN_APPROVED_2026-09-20,,
DVV-VIS-0271,universo_divinivid_diseño_cósmico_editorial.png,07_EDITORIAL_TYPOGRAPHY_INFORMATION,UNASSESSED,APPROVED_SUPPORT_CANDIDATE,medium,descriptive working-corpus output from approved visual-universe process; exact per-file approval linkage still requires reconciliation,,REQUIRED,APPROVED_SUPPORT,HUMAN_APPROVED_2026-09-20,,
DVV-VIS-0272,wide_cinematic_infographic_collage_poster_with_a_d.png,06_MOTION_MASTER_LANGUAGE,EXPERIMENT,PENDING_HUMAN_REVIEW,medium,experimental/auto-named output; approval cannot be inferred safely,,REQUIRED,EXPERIMENT,HUMAN_APPROVED_AS_EXPERIMENT_2026-09-20,,
DVV-VIS-0273,wide_cinematic_ornate_design_board_moodboard_col.png,06_MOTION_MASTER_LANGUAGE,EXPERIMENT,PENDING_HUMAN_REVIEW,medium,experimental/auto-named output; approval cannot be inferred safely,,REQUIRED,EXPERIMENT,HUMAN_APPROVED_AS_EXPERIMENT_2026-09-20,,
DVV-VIS-0274,wide_detailed_moodboard_collage_poster_in_a_dark.png,01_CORE_IDENTITY_AND_VISUAL_UNIVERSE,EXPERIMENT,PENDING_HUMAN_REVIEW,medium,experimental/auto-named output; approval cannot be inferred safely,,REQUIRED,EXPERIMENT,HUMAN_APPROVED_AS_EXPERIMENT_2026-09-20,,
DVV-VIS-0275,wide_editorial_mockup_moodboard_style_layout_ci.png,07_EDITORIAL_TYPOGRAPHY_INFORMATION,EXPERIMENT,PENDING_HUMAN_REVIEW,medium,experimental/auto-named output; approval cannot be inferred safely,,REQUIRED,EXPERIMENT,HUMAN_APPROVED_AS_EXPERIMENT_2026-09-20,,
DVV-VIS-0276,wide_multi_panel_dark_ui_graphic_design_moodboard.png,05_DIGITAL_WEB_MOBILE_UI,EXPERIMENT,PENDING_HUMAN_REVIEW,medium,experimental/auto-named output; approval cannot be inferred safely,,REQUIRED,EXPERIMENT,HUMAN_APPROVED_AS_EXPERIMENT_2026-09-20,,
DVV-VIS-0277,índice_cósmico_del_conocimiento_divinivid.png,07_EDITORIAL_TYPOGRAPHY_INFORMATION,UNASSESSED,APPROVED_SUPPORT_CANDIDATE,medium,descriptive working-corpus output from approved visual-universe process; exact per-file approval linkage still requires reconciliation,,REQUIRED,APPROVED_SUPPORT,HUMAN_APPROVED_2026-09-20,,